0.0,0.0,1.0,3.0,0.5,1.0,1.0,1.0,-0.5,1.0,1.0,1.0,0.4101967870436326,-5.77921672274082e-17,-0.16577463705028755,-0.25584089856606285,0.13299162534172454,0.12725951212443587,0.08288731852514374,0.06429069322081359,-0.25856523272820764,-0.12725951212443584,0.08288731852514374,0.06429069322081359,-0.25856523272820764
-3.469848956691937e-17,-0.09953129965718388,0.8463928041536447,3.079848338378613,0.5764067704255744,1.0497656498285919,1.0386002127103904,0.8447571105114594,-0.5764067704255744,1.0497656498285919,1.0386002127103904,0.8447571105114594,0.2472035554744092,2.650466359015922e-17,-0.13608597002273964,-0.27354970513407173,0.08261032857332039,0.12767448771744114,0.0680429850113698,0.04060543350064265,-0.21497979790039629,-0.12767448771744114,0.06804298501136984,0.04060543350064266,-0.21497979790039626
-2.39488663914352e-17,-0.15472433737443408,0.7354479419427595,3.1133530044365454,0.6281883230348686,1.077362168687217,1.0550687525778857,0.7575667256982364,-0.6281883230348686,1.077362168687217,1.0550687525778857,0.7575667256982364,0.18144614110191998,-7.512478879657525e-19,-0.06868737333091886,0.6580870816235179,0.20213439894162213,-0.11277897618599078,0.03434368666545941,-0.16221498225355252,-0.4397800575451172,0.11277897618599078,0.03434368666545944,-0.16221498225355252,-0.4397800575451172
-2.406099078523987e-17,-0.16497598695659643,0.8336680052264335,3.143521737435944,0.6113559637812447,1.0824879934782983,1.0308580268739296,0.6919291736338266,-0.6113559637812447,1.0824879934782983,1.0308580268739296,0.6919291736338266,0.20584934844164232,-7.362718272682572e-19,-0.09126199124065426,-0.7610041937777908,-0.11872122092755998,0.22208052986113191,0.04563099562032712,0.17601082108053343,0.22182598388801328,-0.22208052986113191,0.04563099562032713,0.17601082108053331,0.22182598388801303
-2.4191378876389664e-17,-0.18113778534639474,0.6989000017407856,3.122497120164968,0.6506847215819656,1.0905688926731973,1.0620281927453405,0.7312128532958551,-0.6506847215819656,1.0905688926731973,1.0620281927453405,0.7312128532958551,0.18689063773650225,-7.123073485664393e-19,-0.06660422035380537,0.6916894345856877,0.19805653292429024,-0.10665267099041739,0.0333021101769027,-0.16224956283241232,-0.4482367445542741,0.10665267099041734,0.03330211017690264,-0.16224956283241226,-0.4482367445542739
-2.4297795474264838e-17,-0.19108825763682516,0.8022363446311823,3.152086176719239,0.6347511299603964,1.0955441288184125,1.037788590952507,0.6642476177214818,-0.6347511299603964,1.0955441288184125,1.0377885909525073,0.6642476177214818,0.18081987317823675,-6.44736868213468e-15,-0.08785789529086142,-0.7806690276793604,-0.12271687324847713,0.2154139001681114,0.04392894764542883,0.1699829026481743,0.2419221276631933,-0.215413900168105,0.04392894764543259,0.16998290264816399,0.24192212766318816
-1.005366567636511e-15,-0.20445722127258023,0.683445246710456,3.1334128701197455,0.6675297503501704,1.1022286106362897,1.0636541689598136,0.7010598827627335,-0.6675297503501694,1.1022286106362902,1.0636541689598122,0.7010598827627327,0.17128381715409088,2.624264992092358e-15,-0.06423669115629915,0.7045490104140956,0.19329310116818754,-0.10270602332028966,0.03211834557814932,-0.1618956753424697,-0.4578676039623158,0.10270602332028717,0.03211834557814982,-0.16189567534246316,-0.45786760396230475
-6.515178202518316e-16,-0.21311872183379832,0.7784447172507273,3.159475985671171,0.6536811497666714,1.1065593609168987,1.0418245968321702,0.6393222615170555,-0.6536811497666707,1.1065593609168993,1.0418245968321698,0.6393222615170563,0.16444151262865508,5.47559548048212e-15,-0.08506960363829555,-0.7928993693463596,-0.1250119677588324,0.2093372209393612,0.04253480181915061,0.16487839501895146,0.2583414391522839,-0.20933722093936674,0.04253480181914494,0.16487839501895263,0.25834143915228347
9.51640542621078e-17,-0.2247192740176144,0.6703206621566626,3.1424286762496534,0.6822275077096029,1.1123596370088071,1.0643083083295652,0.6745511002321228,-0.682227507709603,1.112359637008807,1.064308308329565,0.6745511002321235,0.15671595140569694,1.6602005805282533e-15,-0.062200838762147784,0.7155599532090381,0.18922982385301332,-0.09931191006333476,0.031100419381073566,-0.16167683047181913,-0.4671177667625901,0.09931191006333319,0.031100419381074204,-0.16167683047181994,-0.4671177667625907
2.971370620498659e-16,-0.23228636599376287,0.7573726712314404,3.165449579347145,0.6701456391571556,1.1161431829968813,1.0446393863191932,0.6177235208114956,-0.670145639157156,1.116143182996881,1.0446393863191927,0.6177235208114962,0.15073752053028996,-1.0249111432852488e-16,-0.08266202840400225,-0.8043822319173353,-0.1268300872960691,0.20408427172123617,0.04133101420200113,0.16067015787717465,0.2732851842649208,-0.20408427172123605,0.04133101420200111,0.16067015787717476,0.27328518426492093
2.8450743689326374e-16,-0.2424725215475072,0.6582514338607239,3.1498207468222685,0.6952942373462183,1.1212362607737534,1.064438213574953,0.6513995078541918,-0.6952942373462185,1.1212362607737532,1.0644382135749526,0.6513995078541923,0.14410320467990403,2.0720388181823252e-16,-0.060454938283803245,0.7260526418025129,0.1857832479130283,-0.09629526270634287,0.030227469141901907,-0.16159609155826565,-0.47590442107037023,0.09629526270634259,0.030227469141901372,-0.1615960915582657,-0.4759044210703701
3.073776698104443e-16,-0.2491452658388388,0.7383898602379109,3.170326666472985,0.6846655991779088,1.1245726329194192,1.0466019635008081,0.5988713174521255,-0.684665599177909,1.124572632919419,1.0466019635008077,0.5988713174521261,0.13888428685112666,1.3020056983381706e-15,-0.08055322204021269,-0.815538031276891,-0.12833709703350712,0.19951154728545617,0.04027661102010614,0.15716941028019227,0.287066816946283,-0.1995115472854575,0.040276611020106545,0.15716941028019238,0.28706681694628333
4.53127532614912e-16,-0.2581626004601881,0.6470964378495553,3.155960282125181,0.706999434338444,1.129081300230094,1.0641959110654273,0.6310063144333513,-0.7069994343384445,1.1290813002300937,1.0641959110654269,0.631006314433352,0.13310199182207,-1.2190781115547784e-15,-0.058939823737429516,0.736101004948906,0.18282469125181333,-0.09358523516411661,0.029469911868714442,-0.16162386924067157,-0.4842521489660414,0.09358523516411776,0.02946991186871508,-0.16162386924067182,-0.48425214896604085
3.3042765055750793e-16,-0.2640948777708219,0.7211848048159479,3.174361537829107,0.6975801057424228,1.1320474388854107,1.047928512360188,0.5822664666738029,-0.6975801057424231,1.1320474388854107,1.0479285123601876,0.5822664666738036,0.12849603119137537,9.760240972722555e-17,-0.07868780897953878,-0.8263939152297686,-0.12960841303327963,0.1954928796351625,0.03934390448976936,0.15422752761659325,0.2998486509143951,-0.1954928796351625,0.03934390448976941,0.15422752761659345,0.2998486509143952
3.4039707614576037e-16,-0.2721323049052189,0.6367742593438349,3.161122915617238,0.7175483803168189,1.1360661524526092,1.0636818105065236,0.6128939770127725,-0.7175483803168192,1.1360661524526092,1.063681810506523,0.6128939770127732,0.12903341874402574,-2.2879736818905443e-15,0.004451344951121199,1.0720171126276468,0.16763641434934015,0.020692507482007787,-0.002225672475560575,-0.3348410428373273,-0.3883476621024955,-0.020692507482005455,-0.002225672475560627,-0.33484104283732735,-0.3883476621024947
1.5947188443547032e-16,-0.27178030765759986,0.7215457334014405,3.1743790341835663,0.7191846735630136,1.1358901538287998,1.037203717533986,0.5821847622292878,-0.7191846735630139,1.1358901538287998,1.0372037175339857,0.5821847622292885,0.12321923998747754,-9.5398668674411e-17,-0.07844507734337797,-0.8263755531395348,-0.13068551559720223,0.19370138108435653,0.039222538671688935,0.15312981439297754,0.3023435282202894,-0.19370138108435636,0.03922253867168902,0.15312981439297757,0.30234352822028965
1.501329151322121e-16,-0.2794596199528461,0.6406484207767494,3.161585689837136,0.7381469009932456,1.1397298099764228,1.0521942268974909,0.6117824177136084,-0.7381469009932458,1.1397298099764228,1.0521942268974904,0.6117824177136092,0.11894571494640979,3.1450263989288073e-16,-0.05729505431945415,0.7384678428087084,0.17911897079653205,-0.0842570945243989,0.028647527159727064,-0.1657061129760524,-0.49036507533948914,0.0842570945243986,0.028647527159727043,-0.16570611297605287,-0.4903650753394891
1.7825633791046147e-16,-0.2845830524183974,0.7066836164066644,3.1776028480556855,0.7306124717363603,1.1422915262091984,1.0373764718740255,0.5679330422865606,-0.7306124717363605,1.1422915262091984,1.037376471874025,0.5679330422865614,0.11478208941406742,2.902710312296989e-16,-0.07683778178645785,-0.8359577400943085,-0.13163462255847658,0.19020704294322793,0.038418890893229016,0.1507757173222955,0.31364940506015454,-0.19020704294322824,0.03841889089322882,0.15077571732229555,0.31364940506015493
2.0439827680361688e-16,-0.2915030974109604,0.6313968884606282,3.1657477750758947,0.7477426030918896,1.14575154870548,1.0509554004088957,0.596180447982614,-0.7477426030918897,1.14575154870548,1.0509554004088952,0.5961804479826149,0.11282255986133222,-2.2330326444226897e-15,0.004923482689822824,1.0516681282671159,0.1635774194051007,0.009506983306940286,-0.0024617413449112557,-0.3226766504592637,-0.3884306396758844,-0.00950698330693803,-0.0024617413449115576,-0.32267665045926386,-0.38843063967588315
4.7157503199912985e-17,-0.2911564064528565,0.7054509379955076,3.177266209450599,0.7484120448994487,1.145578203226428,1.0282338668617745,0.568828794872407,-0.7484120448994486,1.145578203226428,1.028233866861774,0.568828794872408,0.10871675419284862,2.1194315954735237e-16,-0.0765887441531033,-0.8385545513063309,-0.13278797579250853,0.1888757271374732,0.03829437207655165,0.1501824469973999,0.31598619824610724,-0.18887572713747341,0.03829437207655166,0.15018244699740013,0.315986198246107
6.518313166587451e-17,-0.29767022954451416,0.6341324164514712,3.165972678102407,0.7644758031773268,1.1488351147722566,1.0410067867213526,0.5957032164018428,-0.7644758031773267,1.1488351147722566,1.0410067867213522,0.5957032164018436,0.10695474920851634,4.729573787540955e-16,-0.05589864282512989,0.7414946406303441,0.17600401420036085,-0.07571750779178492,0.027949321412564957,-0.17023778692049352,-0.4956012674639818,0.07571750779178447,0.027949321412564884,-0.17023778692049418,-0.4956012674639818
1.0298312392260114e-16,-0.30213779546243597,0.6933946099033766,3.1800393798239286,0.7584242616710546,1.1510688977312176,1.0274009369842187,0.5560934652612382,-0.7584242616710545,1.1510688977312176,1.0274009369842183,0.556093465261239,0.10289640982155979,2.2837600896930575e-16,-0.07521997908486489,-0.8454870670570123,-0.1333190969803563,0.18573111036684326,0.03760998954243261,0.14820417403726177,0.32572658344487954,-0.1857311103668435,0.037609989542432276,0.14820417403726197,0.32572658344487954
1.211891866831655e-16,-0.30813430825836385,0.6259926499709114,3.16941122383784,0.7732306866856126,1.1540671541291816,1.0392157265765118,0.5820602848398162,-0.7732306866856126,1.1540671541291816,1.0392157265765114,0.5820602848398171,0.10015384058697646,-2.151318436227012e-16,0.005209104859232629,1.0360411673085645,0.16036162414113136,-0.0003691378795844538,-0.002604552429616571,-0.31176553710598187,-0.38914880027288695,0.0003691378795847009,-0.002604552429616068,-0.3117655371059822,-0.38914880027288673
1.0754679688024342e-16,-0.30780397762103345,0.6916922563996382,3.1795804100871794,0.7732072781433925,1.1539019888105164,1.0194453991684667,0.5573827683212808,-0.7732072781433925,1.1539019888105164,1.0194453991684662,0.5573827683212816,0.09706964954964203,6.959177786687428e-15,-0.074986843730378,-0.8488439732279565,-0.13438568559631722,0.18466436512730655,0.037493421865185506,0.14790941288219628,0.327692606243375,-0.1846643651273135,0.037493421865192486,0.1479094128821957,0.32769260624336266
6.290770831033695e-16,-0.31342359408614007,0.6280787299334497,3.1695093633023985,0.787046277828713,1.1567117970430694,1.0305299325429567,0.5819404997036053,-0.7870462778287134,1.15671179704307,1.0305299325429562,0.5819404997036053,0.0962192728634586,2.3563318189611156e-16,-0.054685012516138845,0.7443585454265138,0.17330539624230237,-0.06773419059137274,0.027342506258069686,-0.17510208740986266,-0.5001098918553885,0.0677341905913726,0.027342506258069096,-0.17510208740986316,-0.5001098918553879
6.459227898719968e-16,-0.31733309307126917,0.6812938403269655,3.1818991798088265,0.7822038770100725,1.1586665465356338,1.0180116683691884,0.5461870267738032,-0.782203877010073,1.1586665465356345,1.018011668369188,0.5461870267738033,0.09523809523809543,4.672750998399038e-17,-0.03226223526160872,2.949029909160572e-16,5.2909066017292616e-17,1.826960843144818e-17,0.016131117630804364,-1.3877787807814457e-17,3.8163916471489756e-17,-6.499711841543855e-17,0.01613111763080436,0.0,-5.898059818321144e-17
7.360245434791559e-16,-0.3795423563800484,0.681293840326966,3.1818991798088265,0.7822038770100725,1.1897711781900235,1.0180116683691884,0.5461870267738033,-0.7822038770100731,1.1897711781900242,1.018011668369188,0.5461870267738032,0.09523809523809523,5.564236631412391e-17,-0.030343871106734102,2.42861286636753e-17,-1.734723475976807e-18,-2.367696091470057e-17,0.015171935553367055,0.0,-2.0816681711721685e-17,4.078614700928344e-18,0.015171935553367058,-1.3877787807814457e-17,-1.3877787807814457e-17
8.50099329948661e-16,-0.44175161968882753,0.681293840326966,3.1818991798088265,0.7822038770100725,1.220875809844413,1.0180116683691884,0.5461870267738033,-0.7822038770100731,1.2208758098444137,1.018011668369188,0.5461870267738032,0.09716290068863641,-2.1297966581520406e-17,0.04067904442846733,0.22882792650590852,-0.007062954182226755,0.051812468898663894,-0.020339522214234212,-0.11638122247795857,0.12608021067984151,-0.05181246889866387,-0.020339522214233102,-0.11638122247795935,0.12608021067984082
8.453032020442662e-16,-0.4325910315471985,0.7328240180751103,3.180308660286168,0.793871621295862,1.2162955157735984,0.9918035688054287,0.5745792591645816,-0.7938716212958625,1.2162955157735993,0.9918035688054282,0.5745792591645814,0.120201343329489,1.422849145007966e-16,-0.07967327641925627,-0.8256196138954619,-0.1483993980477462,0.03273151068021147,0.03983663820962825,0.2788176335261147,0.33781479104144835,-0.03273151068021162,0.03983663820962802,0.27881763352611444,0.3378147910414483
8.583543671586711e-16,-0.4398991083689863,0.6570935870561531,3.166696640673305,0.7968739378227412,1.2199495541844922,1.017378275616224,0.6055655139719767,-0.7968739378227419,1.2199495541844931,1.0173782756162233,0.6055655139719764,0.09523809523809523,1.0771099272994687e-17,-0.02868878873920432,-2.255140518769849e-16,-2.6020852139652106e-17,-3.805182551357669e-17,0.01434439436960216,-1.3877787807814457e-17,1.734723475976807e-18,-2.417403770576223e-17,0.014344394369602163,0.0,-5.0306980803327406e-17
8.817106042201215e-16,-0.5021083716777655,0.6570935870561526,3.166696640673305,0.7968739378227411,1.2510541858388817,1.017378275616224,0.6055655139719767,-0.7968739378227419,1.2510541858388826,1.0173782756162233,0.6055655139719763,0.09523809523809532,1.2972381494841351e-17,-0.027161798211399128,1.700029006457271e-16,1.0408340855860843e-17,1.7915266118278917e-17,0.013580899105699571,5.551115123125783e-17,6.938893903907228e-18,-3.759588511297891e-17,0.013580899105699571,1.3877787807814457e-17,2.42861286636753e-17
9.11421534618531e-16,-0.5643176349865446,0.6570935870561531,3.166696640673305,0.7968739378227411,1.2821588174932714,1.0173782756162242,0.6055655139719767,-0.796873937822742,1.2821588174932723,1.0173782756162233,0.6055655139719764,0.10180308142268628,3.7369869364052595e-16,0.059208287171924695,0.24627086524062797,0.01001111914542073,0.052851124850023565,-0.029604143585962896,-0.12092570682942459,0.10341042828297746,-0.052851124850023905,-0.02960414358596178,-0.12092570682942476,0.103410428282975
9.984752284471126e-16,-0.5505249720971807,0.7144627694118726,3.1690287465002664,0.8091856898290669,1.2752624860485893,0.9892084435095595,0.629655134609207,-0.8091856898290679,1.2752624860485904,0.9892084435095585,0.6296551346092062,0.10610815275140935,4.49273135382643e-17,-0.024569581212253666,-0.03044059862371446,-0.007636435925678743,-0.15475412899015512,0.012284790606127085,0.13758390833742115,0.021408782266055103,0.1547541289901551,0.01228479060612658,0.13758390833742123,0.021408782266055162
1.0112903257560558e-15,-0.5575332160645581,0.7057798724660506,3.1668505243504437,0.7650435173779919,1.278766608032278,1.028452970605245,0.6357617901467522,-0.7650435173779929,1.278766608032279,1.0284529706052439,0.6357617901467515,0.0952380952380953,-2.0789805010632618e-17,-0.0259320656649676,1.0755285551056204e-16,0.0,3.2094546768331556e-18,0.012966032832483801,-1.3877787807814457e-17,-2.7755575615628914e-17,-3.842390874661022e-17,0.0129660328324838,-2.7755575615628914e-17,-1.734723475976807e-17
9.61416996313126e-16,-0.6197424793733373,0.7057798724660508,3.1668505243504437,0.7650435173779919,1.3098712396866674,1.028452970605245,0.635761790146752,-0.765043517377993,1.3098712396866685,1.0284529706052439,0.6357617901467515,0.0982408604476122,2.8515058046252685e-16,0.07502171325871577,0.24512547563536402,0.02037997859352197,0.07340703146154194,-0.03751085662935862,-0.13871503227970883,0.10054208261383392,-0.07340703146154229,-0.03751085662935715,-0.13871503227970916,0.10054208261383185
1.0216525595077692e-15,-0.6038947993769094,0.75756048274677,3.171155616370542,0.7805501099837677,1.3019473996884534,0.9991506346977456,0.6570004246997072,-0.7805501099837688,1.3019473996884547,0.9991506346977445,0.6570004246997062,0.0952380952380952,9.257180037556975e-19,-0.024985829174314793,4.163336342344337e-17,1.5612511283791264e-17,-3.809136253597852e-17,0.012492914587157398,-1.3877787807814457e-17,3.122502256758253e-17,1.741978869527931e-17,0.0124929145871574,-2.7755575615628914e-17,2.7755575615628914e-17
1.0239573953666695e-15,-0.6661040626856884,0.7575604827467701,3.171155616370542,0.7805501099837676,1.333052031342843,0.9991506346977456,0.6570004246997073,-0.7805501099837688,1.3330520313428442,0.9991506346977443,0.6570004246997063,0.09523809523809525,2.2121323090549506e-17,-0.023819574550124144,9.020562075079397e-17,8.673617379884035e-18,4.139928496161971e-18,0.011909787275062072,4.163336342344337e-17,6.938893903907228e-18,-9.737859311652486e-18,0.011909787275062072,0.0,1.9081958235744878e-17
1.0817313581208194e-15,-0.7283133259944676,0.7575604827467703,3.171155616370542,0.7805501099837676,1.3641566629972324,0.9991506346977457,0.6570004246997073,-0.7805501099837688,1.3641566629972337,0.9991506346977443,0.6570004246997063,0.09523809523809523,2.3900273784892622e-17,-0.022757338394130956,-1.249000902703301e-16,-3.2959746043559335e-17,4.674914324250301e-18,0.011378669197065485,0.0,-5.204170427930421e-17,-9.202873483564156e-18,0.011378669197065483,0.0,5.204170427930421e-18
1.147064939723655e-15,-0.7905225893032467,0.75756048274677,3.171155616370542,0.7805501099837676,1.3952612946516219,0.9991506346977457,0.6570004246997072,-0.7805501099837688,1.3952612946516232,0.9991506346977443,0.6570004246997063,0.10183713429504643,9.90519470532645e-16,0.10609803348466532,0.2022283389484506,0.04909810819972836,0.05395948457698381,-0.05304901674233342,-0.11881910148270998,0.09423789780272696,-0.05395948457698476,-0.05304901674233188,-0.11881910148271042,0.09423789780272461
1.3881804668069612e-15,-0.7646958549207303,0.8067875741743787,3.183107240331053,0.793685106268017,1.3823479274603634,0.9702272958499363,0.6799401256100877,-0.7936851062680185,1.3823479274603652,0.9702272958499348,0.6799401256100862,0.10778707065857357,9.734901601640825e-18,-0.020100144096592342,-0.02655680509819224,-0.006836287793665529,-0.150357098009677,0.010050072048296502,0.13403976578450325,0.01928390044709353,0.150357098009677,0.01005007204829583,0.13403976578450338,0.01928390044709367
1.3910898248185106e-15,-0.7707029536725927,0.7988508474528102,3.181064157670782,0.7487496107090227,1.3853514768362947,1.0102862181081362,0.6857032830158304,-0.7487496107090241,1.3853514768362962,1.0102862181081347,0.6857032830158291,0.09523809523809536,5.354775014184829e-17,-0.022086199191088222,-4.5102810375396984e-17,-2.688821387764051e-17,-1.0821220644482167e-17,0.011043099595544118,4.163336342344337e-17,2.42861286636753e-17,-2.4699008452296623e-17,0.01104309959554412,4.163336342344337e-17,0.0
1.5419155082847307e-15,-0.8329122169813719,0.7988508474528101,3.181064157670782,0.7487496107090227,1.4164561084906844,1.0102862181081365,0.6857032830158305,-0.7487496107090242,1.416456108490686,1.010286218108135,0.6857032830158291,0.1033670928677655,8.485044214682488e-16,0.12346697302714736,0.20168311815350295,0.06441575908636206,0.07657775877647151,-0.06173348651357453,-0.1364909562539621,0.08781574082580702,-0.07657775877647227,-0.06173348651357286,-0.13649095625396235,0.08781574082580478
1.734965848953704e-15,-0.8048212128555322,0.8447374612188782,3.1957199260102733,0.7661724573618229,1.4024106064277644,0.9792320185820267,0.7056829769969003,-0.7661724573618247,1.4024106064277664,0.9792320185820251,0.7056829769968984,0.09706438925975941,-8.085318526335007e-16,-0.11888266957130604,-0.7264754860881996,-0.1950856300626631,0.021839852163491213,0.05944133478565344,0.2962601612001175,0.2895467831663699,-0.021839852163490422,0.0594413347856526,0.2962601612001171,0.28954678316637134
1.6699038974420334e-15,-0.8143876120741074,0.7862785239533442,3.180021531738707,0.7679298938782136,1.407193806037052,1.0030718514594323,0.7289825893812127,-0.7679298938782153,1.407193806037054,1.0030718514594306,0.728982589381211,0.09523809523809536,5.4331246968321836e-17,-0.02143475239342542,1.700029006457271e-16,3.209238430557093e-17,2.956043356120277e-17,0.010717376196712704,0.0,-1.214306433183765e-17,-1.20729298622406e-17,0.010717376196712699,5.551115123125783e-17,-4.163336342344337e-17
1.8275874006852687e-15,-0.8765968753828866,0.7862785239533446,3.180021531738707,0.7679298938782138,1.4382984376914416,1.0030718514594323,0.7289825893812127,-0.7679298938782153,1.4382984376914434,1.0030718514594308,0.7289825893812109,0.1039273172576772,6.874901009339232e-16,0.13659751960753239,0.20333410257617676,0.07869095162264608,0.07081803977718175,-0.0682987598037672,-0.13391055545702718,0.07790932642129403,-0.07081803977718247,-0.06829875980376518,-0.1339105554570283,0.07790932642129213
1.983991705325694e-15,-0.8455208787382799,0.8325371229934033,3.19792375833559,0.7840410295182783,1.422760439369138,0.9726071403576758,0.7467069958961184,-0.78404102951828,1.4227604393691402,0.9726071403576739,0.7467069958961161,0.10262338221704208,5.392613027415696e-17,-0.01814981534371224,-0.028872330290964265,-0.007209899721058236,-0.16173130108454536,0.009074907671856494,0.14273246971421918,0.019757997663852004,0.1617313010845454,0.009074907671855736,0.14273246971421905,0.019757997663852292
1.99833907702538e-15,-0.8503497464076831,0.8248554656518773,3.1960055210971756,0.7410114429275672,1.4251748732038396,1.0105819734523744,0.751963730156182,-0.7410114429275688,1.4251748732038416,1.0105819734523724,0.7519637301561798,0.09523809523809532,3.438368398408936e-17,-0.020926623781015,3.469446951953614e-18,2.168404344971009e-17,8.602611673120429e-19,0.010463311890507497,-1.3877787807814457e-17,1.0408340855860843e-17,1.47380489751265e-17,0.010463311890507499,-1.3877787807814457e-17,5.204170427930421e-17
2.100552586135846e-15,-0.9125590097164623,0.8248554656518773,3.1960055210971756,0.7410114429275672,1.456279504858229,1.0105819734523744,0.751963730156182,-0.7410114429275688,1.456279504858231,1.0105819734523724,0.7519637301561799,0.1066610656053975,1.1133440812664542e-15,0.1535208987250581,0.19968466659069012,0.0946984645728382,0.0894680870941134,-0.07676044936253008,-0.1470958067140764,0.07222984656075776,-0.08946808709411444,-0.07676044936252803,-0.14709580671407657,0.07222984656075483
2.3427047582566307e-15,-0.8791682370723756,0.86828685094217,3.216602423060072,0.7604707385665997,1.4395841185361855,0.9785886573652627,0.7676737110425425,-0.7604707385666016,1.439584118536188,0.9785886573652607,0.7676737110425397,0.09523809523809537,2.2076273557646103e-17,-0.020536495630448612,9.020562075079397e-17,-1.3010426069826053e-17,-1.4553305491648222e-17,0.0102682478152243,1.3877787807814457e-17,-3.8163916471489756e-17,-8.39422445307205e-17,0.01026824781522429,2.7755575615628914e-17,4.336808689942018e-17
2.409578325165877e-15,-0.9413775003811549,0.8682868509421702,3.216602423060072,0.7604707385665997,1.4706887501905752,0.9785886573652627,0.7676737110425423,-0.7604707385666019,1.4706887501905774,0.9785886573652608,0.7676737110425398,0.09523809523809523,8.111963530448207e-17,-0.01974201480069649,6.245004513516506e-17,4.0766001685454967e-17,-1.4177070873916486e-17,0.009871007400348245,0.0,3.469446951953614e-18,-2.8054858681730943e-17,0.00987100740034824,1.3877787807814457e-17,-3.122502256758253e-17
2.6651952317032293e-15,-1.003586763689934,0.8682868509421704,3.216602423060072,0.7604707385665997,1.5017933818449647,0.9785886573652627,0.7676737110425423,-0.760470738566602,1.501793381844967,0.9785886573652608,0.7676737110425397,0.10763735520750609,1.2715277389901582e-15,0.17703000313200842,0.16569507660051325,0.11931762567935743,0.06972549154500414,-0.08851500156600554,-0.12769371814264535,0.06991846745030762,-0.0697254915450055,-0.08851500156600291,-0.1276937181426455,0.06991846745030394
2.956976715808543e-15,-0.9629631300395591,0.9063094232203326,3.243982615275379,0.7764708672143094,1.481481565019777,0.9492863767715437,0.7837181224804101,-0.7764708672143118,1.4814815650197797,0.9492863767715418,0.7837181224804066,0.10813857520954354,9.13525707403362e-17,-0.016550354224547623,-0.02366684005710552,-0.005778835257478226,-0.15186146014373025,0.008275177112274195,0.13551310003260914,0.01652958021648043,0.15186146014373011,0.008275177112273442,0.13551310003260914,0.016529580216480683
2.984179565430468e-15,-0.9678914729806645,0.8992619423899401,3.2422618012334197,0.7312497592566785,1.48394573649033,0.989639291332275,0.78864027936443,-0.7312497592566809,1.4839457364903321,0.9896392913322731,0.7886402793644266,0.09523809523809534,2.1644808899685203e-17,-0.01942178193360636,-2.42861286636753e-17,-8.673617379884035e-19,1.1099321912254015e-17,0.009710890966803182,1.3877787807814457e-17,-4.163336342344337e-17,-2.778465895560442e-18,0.009710890966803188,-1.3877787807814457e-17,-6.938893903907228e-18
3.0535093324267084e-15,-1.0301007362894437,0.89926194238994,3.2422618012334197,0.7312497592566785,1.5150503681447196,0.989639291332275,0.7886402793644299,-0.7312497592566809,1.5150503681447218,0.9896392913322731,0.7886402793644266,0.1123111214408561,1.650591869283911e-15,0.1923435519635462,0.1658486552599231,0.13507714695506537,0.09279971292804909,-0.09617177598177439,-0.1439215893316858,0.06289748325929431,-0.09279971292805057,-0.09617177598177183,-0.14392158933168647,0.0628974832592904
3.4155403285707854e-15,-0.9879132464471105,0.9356381992892026,3.2718888186557566,0.7516038959384503,1.4939566232235528,0.9580723865619312,0.8024358389712979,-0.751603895938453,1.4939566232235555,0.9580723865619292,0.8024358389712937,0.1045340161648973,-9.46731773254838e-16,-0.15185444205089976,-0.6445616764274232,-0.2266447325303837,0.01660919042173654,0.07592722102545058,0.30170447969971553,0.2569005704052329,-0.01660919042173552,0.0759272210254492,0.3017044796997147,0.25690057040523484
3.327895711707731e-15,-1.0019713194604913,0.8759672737208442,3.250906961589354,0.7531415079337824,1.5009856597302433,0.9860029728971074,0.8262186597249075,-0.753141507933785,1.5009856597302458,0.9860029728971053,0.8262186597249034,0.09682363919694448,1.9526663934610666e-15,0.18354886661327383,0.18012506708270204,0.12251572828315298,0.0801328970705619,-0.09177443330663827,-0.14121990169695564,0.0658098973385628,-0.08013289707056397,-0.09177443330663551,-0.1412199016969568,0.06580989733855908
3.706757825549014e-15,-0.9663586250283315,0.9109156724331284,3.2746778258555675,0.7686891298286662,1.4831793125141632,0.9586030695380221,0.8389872908135865,-0.7686891298286692,1.4831793125141661,0.9586030695380198,0.8389872908135817,0.10146115922649851,1.3087336696603505e-16,-0.015826082757484143,-0.02733482230448513,-0.006591736152502567,-0.16510819111790798,0.00791304137874247,0.14538523316573562,0.0181398872472053,0.1651081911179079,0.007913041378741657,0.14538523316573554,0.018139887247205617
3.740584510189485e-15,-0.9704491739531586,0.9038504731856979,3.272974067594945,0.726013810609947,1.485224586976577,0.9961806191012961,0.8436758860530149,-0.72601381060995,1.4852245869765797,0.9961806191012937,0.8436758860530102,0.09523809523809523,3.9701481209076665e-17,-0.019391438869721306,1.5265566588595902e-16,1.6479873021779667e-17,-6.808841472187486e-18,0.009695719434860662,2.7755575615628914e-17,-3.642919299551295e-17,-3.45644170878164e-17,0.00969571943486066,2.7755575615628914e-17,-6.938893903907228e-18
3.867949989093707e-15,-1.0326584372619376,0.9038504731856983,3.272974067594945,0.726013810609947,1.5163292186309665,0.9961806191012962,0.8436758860530148,-0.7260138106099501,1.5163292186309691,0.9961806191012939,0.8436758860530102,0.10444407614023905,2.058697481554251e-15,0.19965889745333268,0.17818513108980863,0.14007740542062685,0.10276478211890447,-0.09982944872666796,-0.15572980001125905,0.058125044724180626,-0.10276478211890655,-0.0998294487266647,-0.1557298000112598,0.05812504472417659
4.265149817639465e-15,-0.9941367600623199,0.9382290568058825,3.3000002440558993,0.7458409849295826,1.4970683800311573,0.966134509647061,0.8548903835717221,-0.7458409849295862,1.4970683800311606,0.9661345096470585,0.8548903835717168,0.09523809523809519,6.5838375561877086e-18,-0.019114864068264056,-1.0408340855860843e-17,-3.5561831257524545e-17,-9.30026699350418e-18,0.009557432034132033,-2.7755575615628914e-17,2.7755575615628914e-17,-9.30026699350418e-18,0.009557432034132037,0.0,1.734723475976807e-18
4.286576895679487e-15,-1.056346023371099,0.9382290568058825,3.3000002440558993,0.7458409849295826,1.5281730116855468,0.9661345096470609,0.8548903835717222,-0.7458409849295862,1.52817301168555,0.9661345096470585,0.8548903835717168,0.0952380952380952,3.2096613277890666e-17,-0.01842472311990689,1.1796119636642288e-16,1.3877787807814457e-17,-4.936653569136667e-17,0.009212361559953456,-1.3877787807814457e-17,1.734723475976807e-18,6.14461553989116e-18,0.009212361559953431,0.0,3.122502256758253e-17
4.3949479498185325e-15,-1.1185552866798782,0.938229056805883,3.3000002440558993,0.7458409849295824,1.5592776433399362,0.9661345096470609,0.8548903835717222,-0.7458409849295862,1.5592776433399396,0.9661345096470585,0.8548903835717169,0.11009870935751123,1.709864138049559e-15,0.21790541120695434,0.14833979343598297,0.16181781681684107,0.08817972268099865,-0.10895270560347918,-0.14010099225807798,0.056811083769914276,-0.08817972268100034,-0.10895270560347517,-0.14010099225807843,0.056811083769910085
4.749257353336478e-15,-1.0734020288566353,0.9689672789609084,3.333531314086031,0.7641131413250731,1.5367010144283144,0.9371034902259183,0.8666624891769589,-0.7641131413250772,1.5367010144283186,0.9371034902259159,0.8666624891769527,0.10752432803026153,8.168508259676115e-17,-0.014783355156388386,-0.022665611248457444,-0.005193188690480699,-0.15423506494750994,0.00739167757819466,0.13748124849813675,0.015198895062418723,0.15423506494750985,0.007391677578193748,0.1374812484981367,0.015198895062419115
4.773119296504047e-15,-1.0777205600909014,0.9623461737324448,3.3320142736491323,0.7190578113036563,1.5388602800454476,0.9772646755241384,0.871102408421206,-0.7190578113036605,1.5388602800454516,0.977264675524136,0.8711024084211999,0.09523809523809532,3.027479490367453e-17,-0.018198959072315987,1.0755285551056204e-16,4.683753385137379e-17,1.7698479158259674e-17,0.009099479536157992,-2.7755575615628914e-17,3.469446951953614e-17,-5.169045988081261e-17,0.009099479536158006,4.163336342344337e-17,-3.122502256758253e-17
4.876607231187461e-15,-1.1399298233996806,0.9623461737324451,3.3320142736491323,0.7190578113036564,1.569964911699837,0.9772646755241383,0.8711024084212061,-0.7190578113036608,1.5699649116998413,0.9772646755241361,0.8711024084211998,0.11575812710951458,1.794265465573616e-15,0.23072615235068022,0.14969929614420283,0.17576616785311108,0.11084629587035347,-0.1153630761753427,-0.15526619464238842,0.05005568356240048,-0.11084629587035519,-0.11536307617533749,-0.15526619464238925,0.05005568356239652
5.238377321968223e-15,-1.0934094936698115,0.9925294041378695,3.367453256185687,0.7414072770260595,1.546704746834902,0.9459590151251054,0.8811949223406408,-0.7414072770260641,1.5467047468349073,0.945959015125103,0.8811949223406337,0.10887559495545591,-1.6156473749628362e-15,-0.16928629411855184,-0.6036037114533609,-0.24190667993863782,0.010317148894207375,0.08464314705927725,0.3085736296145728,0.2356421481320592,-0.010317148894205706,0.08464314705927457,0.3085736296145716,0.23564214813206186
5.077751645432408e-15,-1.1102397289936914,0.9325198649189819,3.3434031913473925,0.7424329952902883,1.555119864496842,0.9766370261725922,0.9046221751252624,-0.7424329952902928,1.5551198644968471,0.9766370261725897,0.9046221751252557,0.09929167056920238,2.529702389557658e-15,0.2152784689819397,0.16406312163304132,0.15619344775073424,0.0952652146920129,-0.10763923449097247,-0.1507459729224538,0.054827258960862595,-0.09526521469201546,-0.10763923449096716,-0.15074597292245512,0.054827258960857966
5.5382105358488195e-15,-1.0710545325978018,0.9623827939565011,3.3718336746874478,0.7597732623641695,1.5355272662988968,0.9491980975013216,0.9146018861497306,-0.7597732623641746,1.5355272662989028,0.9491980975013189,0.914601886149723,0.10120569138537211,1.4387401128098505e-16,-0.01419075246161308,-0.02620566919887004,-0.005923307530487547,-0.16637454429181583,0.007095376230807194,0.1464571760388576,0.016729737167727552,0.16637454429181572,0.007095376230805864,0.14645717603885747,0.016729737167728072
5.5750757018639646e-15,-1.0746906614630456,0.9556680555756577,3.370315932090811,0.7171427334632039,1.5373453307315188,0.9867251537132823,0.9188885848563755,-0.717142733463209,1.5373453307315246,0.9867251537132796,0.9188885848563682,0.09523809523809525,6.524327367976907e-18,-0.01823062460140115,1.3530843112619095e-16,2.42861286636753e-17,-4.2244404656736414e-17,0.009115312300700583,0.0,3.469446951953614e-18,-6.110412332930442e-19,0.009115312300700574,-1.3877787807814457e-17,-1.9081958235744878e-17
5.597338987298296e-15,-1.1368999247718248,0.9556680555756581,3.370315932090811,0.7171427334632038,1.5684499623859085,0.9867251537132823,0.9188885848563755,-0.717142733463209,1.568449962385914,0.9867251537132796,0.918888584856368,0.10781123721948738,2.1510778680958734e-15,0.22971655985538447,0.16328429492972887,0.17264830234676423,0.11804895662686948,-0.11485827992769529,-0.16486935915886464,0.047450471303863075,-0.1180489566268716,-0.11485827992768918,-0.16486935915886575,0.047450471303857523
5.99078042236545e-15,-1.0948837735628514,0.9855334585319669,3.40189405245767,0.7387343976201917,1.5474418867814212,0.9565698356617395,0.9275674810513005,-0.7387343976201973,1.547441886781428,0.9565698356617366,0.927567481051292,0.09523809523809512,4.516062797581211e-17,-0.018021642197140524,-3.469446951953614e-17,3.0357660829594124e-18,-3.008414349090593e-17,0.009010821098570262,0.0,-1.214306433183765e-17,-2.328567875277019e-18,0.009010821098570255,0.0,-1.0408340855860843e-17
6.146671287704174e-15,-1.1570930368716303,0.9855334585319668,3.40189405245767,0.7387343976201916,1.5785465184358107,0.9565698356617395,0.9275674810513005,-0.7387343976201973,1.5785465184358174,0.9565698356617366,0.927567481051292,0.09523809523809545,4.327286645190985e-17,-0.017406915880661754,8.673617379884035e-17,5.421010862427522e-17,-1.48615690679813e-17,0.008703457940330867,-1.3877787807814457e-17,3.122502256758253e-17,-2.8739356875795756e-17,0.008703457940330884,0.0,2.0816681711721685e-17
6.301320920165669e-15,-1.2193023001804095,0.9855334585319672,3.40189405245767,0.7387343976201916,1.6096511500902004,0.9565698356617395,0.9275674810513006,-0.7387343976201974,1.609651150090207,0.9565698356617366,0.9275674810512922,0.11370140736741778,1.9964496380823497e-15,0.25242479315593097,0.1377039038560383,0.18221012184908325,0.10286283163638996,-0.12621239657796895,-0.15037502638498412,0.05079870825652957,-0.10286283163639193,-0.12621239657796204,-0.15037502638498496,0.050798708256524314
6.689119851406023e-15,-1.1702702268752878,1.0122816547921492,3.437287327182156,0.7587149147402047,1.5851351134376388,0.9273603462736923,0.9374348397837727,-0.758714914740211,1.5851351134376468,0.9273603462736894,0.9374348397837633,0.10846950770357552,1.169069024957642e-16,-0.01367388440350862,-0.021214041372225798,-0.0045641454113044475,-0.15378694703658727,0.006836942201755055,0.13739830840682668,0.01367040758715729,0.15378694703658718,0.006836942201753536,0.13739830840682657,0.013670407587157787
6.723676227324746e-15,-1.1743120745303817,1.0060110208709354,3.43593821672577,0.713257209166477,1.587156037265186,0.9679737531345479,0.9414756597307479,-0.7132572091664833,1.5871560372651936,0.9679737531345449,0.9414756597307385,0.09523809523809545,7.305056987369112e-17,-0.017244105559518726,1.734723475976807e-16,5.160802341031001e-17,-3.087243168276047e-17,0.008622052779759344,-2.7755575615628914e-17,-1.734723475976807e-18,-3.087243168276047e-17,0.008622052779759361,2.7755575615628914e-17,0.0
6.9872110404493565e-15,-1.2365213378391609,1.006011020870936,3.43593821672577,0.7132572091664768,1.6182606689195755,0.9679737531345478,0.9414756597307479,-0.7132572091664834,1.6182606689195833,0.967973753134545,0.9414756597307385,0.11864639132035677,2.7589575284497028e-15,0.23135845874005104,0.1404141775835023,0.1623844372747238,0.10901492557629341,-0.11567922937002903,-0.1532942253457769,0.05445444618192817,-0.10901492557629626,-0.11567922937002202,-0.15329422534577852,0.0544544461819215
7.568328898511856e-15,-1.187790420236668,1.0355863895663662,3.4701411703409337,0.7362189689596172,1.5938952101183284,0.9356854663567719,0.9529453727658025,-0.7362189689596244,1.5938952101183377,0.9356854663567687,0.9529453727657918,0.11120956774868529,-1.928776235787324e-15,-0.179301996758273,-0.5745328750051154,-0.24995014690214598,0.004431020749329267,0.08965099837913844,0.3144507656776735,0.2183858419042827,-0.004431020749327378,0.08965099837913457,0.31445076567767183,0.21838584190428575
7.368031651389137e-15,-1.206410359495526,0.9759229868813724,3.4441846465029142,0.736679116301526,1.6032051797477576,0.9683401732907565,0.9756240444190488,-0.7366791163015329,1.6032051797477664,0.9683401732907532,0.9756240444190385,0.10183411110650062,2.6123666470089373e-15,0.23353818813018545,0.1528332606438274,0.17682189313785887,0.10842121801901886,-0.11676909406509672,-0.15949807459179233,0.04856600297391284,-0.10842121801902148,-0.11676909406508867,-0.1594980745917941,0.04856600297390688
7.826439902356473e-15,-1.1654299586481127,1.0027415912995492,3.4752126857174197,0.75570446290697,1.5827149793240503,0.940352052446389,0.9841462235340043,-0.7557044629069775,1.5827149793240605,0.9403520524463854,0.984146223533993,0.10241990804407552,1.2457780922550134e-16,-0.013110585218447194,-0.02454234993065666,-0.005211000972711887,-0.1654795079866007,0.006555292609224575,0.14607127177489104,0.015088507780951102,0.16547950798660052,0.006555292609222603,0.1460712717748909,0.015088507780951752
7.858916722307453e-15,-1.1688478235009192,0.9963435218132807,3.4738542034852524,0.7125647719791144,1.5844239117504537,0.9784321119926008,0.9880797230358609,-0.7125647719791219,1.5844239117504635,0.9784321119925973,0.9880797230358498,0.09523809523809532,1.0628608595772515e-16,-0.017295440551457226,4.85722573273506e-17,-1.1275702593849246e-17,-6.429565480317163e-17,0.008647720275728589,1.3877787807814457e-17,1.734723475976807e-17,-3.6540079187542714e-17,0.00864772027572861,1.3877787807814457e-17,2.0816681711721685e-17
8.241212801307683e-15,-1.2310570868096984,0.9963435218132809,3.4738542034852524,0.7125647719791142,1.6155285434048432,0.9784321119926008,0.988079723035861,-0.712564771979122,1.6155285434048532,0.9784321119925973,0.9880797230358499,0.11055205125406575,3.1519590889614506e-15,0.2365895166151672,0.153605404243465,0.16543664296843485,0.11910132294082279,-0.11829475830758807,-0.16494683664031562,0.04998055236185512,-0.11910132294082595,-0.11829475830757909,-0.16494683664031734,0.04998055236184733
8.831917398510035e-15,-1.1867181499231445,1.0251305129768107,3.504858471874846,0.7348853976624911,1.5933590749615654,0.9475196375767213,0.997446514043478,-0.7348853976624995,1.5933590749615771,0.9475196375767174,0.9974465140434654,0.09523809523809526,6.926675992471617e-17,-0.017128678006785313,5.898059818321144e-17,3.903127820947816e-18,-2.6326553923747174e-17,0.008564339003392669,0.0,2.6020852139652106e-17,-5.408212953937609e-17,0.008564339003392658,1.3877787807814457e-17,2.42861286636753e-17
9.083485797717241e-15,-1.2489274132319237,1.025130512976811,3.504858471874846,0.734885397662491,1.624463706615955,0.9475196375767213,0.9974465140434781,-0.7348853976624997,1.6244637066159666,0.9475196375767174,0.9974465140434655,0.09523809523809539,7.596755764958605e-17,-0.016572421098582812,7.112366251504909e-17,8.673617379884035e-18,-2.4963379667922954e-17,0.008286210549291429,1.3877787807814457e-17,-2.0816681711721685e-17,-2.4963379667922954e-17,0.008286210549291413,0.0,-6.938893903907228e-18
9.36865148163485e-15,-1.3111366765407029,1.0251305129768111,3.504858471874846,0.7348853976624908,1.6555683382703448,0.9475196375767213,0.997446514043478,-0.7348853976624998,1.6555683382703563,0.9475196375767174,0.9974465140434655,0.11405889111616643,3.4929173882643396e-15,0.23337628839810898,0.10229851618831667,0.154813946128113,-0.07446470241292097,-0.11668814419905768,0.0024151027222438365,0.07507050872837413,0.07446470241291751,-0.11668814419905126,0.002415102722241061,0.07507050872836801
1.022505726178681e-14,-1.2539166566782045,1.0502124232616052,3.542816300124008,0.716627879812803,1.6269583283390947,0.9481117809632038,1.015852565617997,-0.7166278798128128,1.626958328339108,0.9481117809631993,1.015852565617983,0.09523702746126232,1.1963543426260838e-17,-0.0006699388139939175,-6.397015110820581e-7,-0.0006701845838078223,-0.0004162557416823448,0.0003349694069969926,0.00031498013931999247,0.00021869851586605107,0.00041625574168230317,0.0003349694069969809,0.0003149801393200202,0.00021869851586603373
1.0911540663498457e-14,-1.2923586014752362,1.0501757163718686,3.5043602527411557,0.6927425937106225,1.6461793007376124,0.9661857436519972,1.028401765781509,-0.6927425937106347,1.646179300737625,0.9661857436519942,1.0284017657814941,0.11320915890017053,7.083446238945633e-15,0.18224453092967036,0.13912344943267796,0.11283661592789473,0.09233836916084331,-0.09112226546483945,-0.14181409355061625,0.06812138716518157,-0.09233836916085042,-0.09112226546483086,-0.14181409355062177,0.06812138716517094
1.2576511320678979e-14,-1.2495218541923634,1.0828768131568745,3.530882604748652,0.7144468136621233,1.6247609270961751,0.9328522084529532,1.0444137614867723,-0.7144468136621371,1.6247609270961898,0.9328522084529489,1.044413761486755,0.10355907539782268,1.7866134954691752e-15,-0.24044051808495964,-0.530590604588193,-0.31657517708012617,0.11778439339774965,0.12022025904248314,0.2177530857416824,0.20427524058296867,-0.11778439339775143,0.12022025904247648,0.21775308574167762,0.2042752405829699
1.2756737517609443e-14,-1.2737765014746865,1.029353022457614,3.4989478072379256,0.7263284172286874,1.636888250737337,0.9548182411805808,1.0650202048113573,-0.7263284172287015,1.636888250737351,0.9548182411805759,1.0650202048113402,0.09709129724183715,6.0053117918465706e-15,0.21261005400049052,0.14607335258030138,0.13887505257550878,0.09072621484769806,-0.10630502700025049,-0.14775330574599183,0.0624025858173986,-0.09072621484770407,-0.10630502700023997,-0.1477533057459959,0.06240258581738813
1.386752048014958e-14,-1.2344507122676842,1.0563717347162533,3.524635073389898,0.7431097496892941,1.617225356133835,0.9274887934565741,1.076562607861691,-0.7431097496893093,1.6172253561338508,0.9274887934565685,1.0765626078616721,0.1013129156727742,2.0230405144296318e-16,-0.01194807178727858,-0.023893552231763423,-0.00479428570670936,-0.17001158137114564,0.005974035893640513,0.14982121753614658,0.014139969459793896,0.17001158137114547,0.005974035893638022,0.1498212175361463,0.014139969459794845
1.3918387196022029e-14,-1.237454899126485,1.0503640125580085,3.52342961276212,0.700362554351638,1.6187274495632358,0.9651593850721056,1.0801179188098715,-0.7003625543516532,1.6187274495632509,0.9651593850721,1.0801179188098529,0.09461955203157546,1.3432236407301382e-15,-0.016041756760448576,-0.00041369509285032677,-0.016173675094527776,-0.010576824947298627,0.008020878380224715,0.00790012248111907,0.005170094431167206,0.010576824947297336,0.008020878380223827,0.0079001224811181,0.005170094431166559
1.7056499017168694e-14,-1.2749325201238042,1.0493975156755397,3.4856437970077647,0.6756524030478127,1.6374662600618963,0.983616079098895,1.0921965734425962,-0.6756524030478309,1.6374662600619092,0.9836160790988872,1.092196573442576,0.10974101576044532,1.564579871448233e-14,0.14929770080903357,0.15061953288142088,0.07864127268009363,0.08724757244001023,-0.07464885040452107,-0.14027720440944041,0.07356687492073558,-0.08724757244002586,-0.07464885040451245,-0.14027720440945332,0.07356687492071941
2.09001642026183e-14,-1.2382549183382094,1.0863998487203284,3.504963406537199,0.6970863012349501,1.6191274591690978,0.9491545206485948,1.110269568058935,-0.6970863012349722,1.619127459169113,0.9491545206485839,1.1102695680589107,0.09415916573009313,2.454871594093108e-15,-0.019813811739530986,-0.0007025116709647172,-0.020046646192701446,-0.014539477278302584,0.009906905869766208,0.011080255633366648,0.006145860980992723,0.0145394772783001,0.00990690586976482,0.011080255633364719,0.006145860980991976
2.5339482778768018e-14,-1.2740856406991188,1.085129446994071,3.4687116331055883,0.6707935323078975,1.6370428203495537,0.9691917335032507,1.1213835647685813,-0.670793532307924,1.6370428203495664,0.9691917335032363,1.1213835647685555,0.09800719854470112,2.0147614575964126e-14,0.1512249130732319,0.14377336344252406,0.07646499464351364,0.07948246197945766,-0.07561245653662133,-0.13549710761097822,0.07802866812031645,-0.07948246197947789,-0.07561245653661053,-0.1354971076109965,0.0780286681202964
2.985561000977948e-14,-1.2401882805246733,1.1173565277379869,3.4858514112776744,0.6886096816877595,1.6200941402623297,0.9388197916985248,1.1388738434102081,-0.6886096816877906,1.6200941402623448,0.9388197916985063,1.138873843410178,0.09326811082351144,4.487793021803868e-15,-0.025381146695398357,-0.0012672176895183185,-0.025808150557525087,-0.020311234025363986,0.01269057334770023,0.015652076687721908,0.007624255501009801,0.020311234025359587,0.012690573347698079,0.01565207668771812,0.007624255501008732
3.5903720948874394e-14,-1.2743939558375488,1.1156487232262917,3.4510702712058365,0.6612366285860495,1.637196977918769,0.9599137895220948,1.1491489035286395,-0.6612366285860866,1.637196977918781,0.9599137895220712,1.149148903528608,0.0895856442113421,2.6862458162867072e-14,0.14648503109341734,0.1377390598506777,0.06869993769251469,0.07179263681626061,-0.07324251554671528,-0.12949717528068067,0.0824158537142903,-0.07179263681628754,-0.07324251554670201,-0.12949717528070726,0.08241585371426567
4.162296655870507e-14,-1.24320604794366,1.1449745395226627,3.4656970717265234,0.6765218910307632,1.621603023971823,0.9323427404870777,1.166695939123002,-0.6765218910308061,1.621603023971838,0.9323427404870483,1.1666959391229652,0.09177693338406075,7.899862786197164e-15,-0.032123999208064594,-0.002210048220859861,-0.03287580676585392,-0.027670211535890665,0.016061999604033927,0.021434958881155666,0.009389105655955288,0.027670211535882755,0.01606199960403066,0.021434958881148755,0.00938910565595371
4.962028816273811e-14,-1.275726353653712,1.1427372264374889,3.4324156835791295,0.6485103183625921,1.6378631768268508,0.9540421376008275,1.1762008760487566,-0.648510318362643,1.6378631768268623,0.9540421376007912,1.1762008760487181,0.084347333046286,1.7977246988332744e-14,-0.05581000126546714,-0.0077681573726264795,-0.05800315104638766,-0.05117932744322046,0.027905000632736217,0.03944144787323524,0.015509038765563633,0.051179327443202485,0.0279050006327309,0.039441447873218335,0.01550903876556205
5.894389973285182e-14,-1.3046713180225322,1.1387083958826831,3.4023332771600527,0.6219669788952122,1.6523356590112623,0.9744978135990264,1.1842443909078335,-0.6219669788952724,1.652335659011271,0.9744978135989814,1.1842443909077942,0.09519004325116469,6.000875685644739e-14,0.08813711874175845,0.11836391707577436,0.013790672342723794,0.03596251156353898,-0.04406855937088929,-0.0921074285544308,0.09022698915432283,-0.03596251156359899,-0.044068559370869176,-0.0921074285544963,0.09022698915429106
7.7342905763676e-14,-1.2776480056891615,1.1749994063650169,3.406561571110715,0.6329932774190092,1.638824002844574,0.9462571830272134,1.211908468695093,-0.6329932774190878,1.6388240028445886,0.9462571830271483,1.2119084686950439,0.08068310739691001,2.8493494560475995e-14,-0.06069319321139779,-0.009846794890899898,-0.06371783095736759,-0.06011434961107397,0.03034659660570272,0.046326695365942194,0.016522995035858898,0.060114349611045476,0.030346596605695046,0.04632669536591501,0.016522995035856566
8.98140513649257e-14,-1.304212442983352,1.170689622160436,3.378673298383108,0.6066821906854062,1.6521062214916709,0.9665336346188974,1.2191403186327538,-0.6066821906854972,1.6521062214916822,0.9665336346188205,1.219140318632704,0.0849038763220218,8.460522393207268e-14,0.08619342706695896,0.111383737779746,0.00821931136001577,0.030429779533447693,-0.04309671353349481,-0.0865558065038157,0.09311679135697087,-0.030429779533532264,-0.04309671353346414,-0.08655580650391359,0.09311679135692653
1.1371797685767404e-13,-1.279859794732844,1.2021594114387968,3.3809955404057668,0.6152796643273682,1.6399298973664125,0.9420786015432434,1.245449058675897,-0.6152796643274832,1.6399298973664325,0.9420786015431388,1.2454490586758347,0.0816731018513474,-5.108790176694753e-14,-0.09370157331460532,-0.5591020329621403,-0.16884384739193814,0.12182884369842936,0.046850786657306874,0.277159543753694,0.11934306148003303,-0.12182884369837838,0.04685078665729853,0.27715954375373514,0.11934306148004933
