0.0,0.0,1.0,3.0,0.5,1.0,1.0,1.0,-0.5,1.0,1.0,1.0,0.4101967870436325,-5.77921672274082e-17,-0.16577463705028753,-0.2558408985660629,0.1329916253417245,0.12725951212443587,0.08288731852514374,0.06429069322081359,-0.25856523272820753,-0.12725951212443584,0.08288731852514374,0.06429069322081356,-0.25856523272820753
-3.4698489566919365e-17,-0.09953129965718385,0.8463928041536447,3.079848338378613,0.5764067704255744,1.0497656498285919,1.0386002127103904,0.8447571105114595,-0.5764067704255744,1.0497656498285919,1.0386002127103904,0.8447571105114595,0.24720355547440914,-5.867801953902712e-17,-0.136085970022741,-0.2735497051340722,0.08261032857331986,0.12767448771744122,0.06804298501137046,0.04060543350064236,-0.2149797979003965,-0.12767448771744117,0.0680429850113705,0.04060543350064233,-0.21497979790039654
-5.849681458932907e-17,-0.15472433737443447,0.7354479419427596,3.113353004436545,0.6281883230348686,1.0773621686872172,1.0550687525778857,0.7575667256982366,-0.6281883230348685,1.0773621686872172,1.0550687525778855,0.7575667256982366,0.18144614110191992,-2.957721934336924e-17,-0.06868737333092007,0.6580870816235174,0.20213439894162236,-0.112778976185991,0.03434368666546007,-0.16221498225355252,-0.4397800575451177,0.11277897618599106,0.03434368666545999,-0.16221498225355238,-0.43978005754511773
-6.291124003055476e-17,-0.16497598695659701,0.8336680052264334,3.1435217374359437,0.6113559637812447,1.0824879934782985,1.0308580268739296,0.6919291736338268,-0.6113559637812446,1.0824879934782985,1.0308580268739294,0.6919291736338268,0.205849348441642,-6.485256307002526e-18,-0.09126199124065419,-0.7610041937777909,-0.11872122092756017,0.2220805298611321,0.045630995620327124,0.1760108210805334,0.22182598388801292,-0.22208052986113208,0.045630995620327096,0.1760108210805334,0.221825983888013
-6.405972916075085e-17,-0.18113778534639527,0.6989000017407857,3.1224971201649674,0.6506847215819654,1.0905688926731976,1.0620281927453403,0.7312128532958552,-0.6506847215819653,1.0905688926731976,1.06202819274534,0.7312128532958552,0.18689063773650227,1.6550690931164467e-15,-0.06660422035380698,0.6916894345856792,0.19805653292429043,-0.10665267099041811,0.033302110176903814,-0.16224956283241776,-0.4482367445542599,0.1066526709904165,0.03330211017690312,-0.16224956283241815,-0.4482367445542603
1.832026674609725e-16,-0.1910882576368261,0.8022363446311829,3.152086176719239,0.6347511299603958,1.0955441288184131,1.0377885909525058,0.6642476177214829,-0.6347511299603961,1.095544128818413,1.0377885909525055,0.6642476177214829,0.18081987317823733,1.0203126679387567e-15,-0.08785789529086524,-0.7806690276793622,-0.12271687324848041,0.2154139001681039,0.04392894764543255,0.16998290264816426,0.24192212766318716,-0.21541390016810502,0.04392894764543267,0.16998290264816424,0.2419221276631874
3.384593226496199e-16,-0.20445722127258184,0.6834452467104556,3.133412870119745,0.6675297503501688,1.102228610636291,1.063654168959811,0.7010598827627338,-0.6675297503501693,1.1022286106362909,1.0636541689598107,0.7010598827627339,0.17128381715409163,1.871019536840404e-15,-0.0642366911562953,0.7045490104140949,0.19329310116818862,-0.10270602332029109,0.03211834557814787,-0.16189567534246968,-0.4578676039623162,0.10270602332028932,0.03211834557814749,-0.16189567534247043,-0.4578676039623166
5.907425034405095e-16,-0.2131187218337994,0.7784447172507266,3.1594759856711705,0.6536811497666697,1.1065593609169,1.0418245968321675,0.639322261517056,-0.6536811497666704,1.1065593609168995,1.0418245968321673,0.639322261517056,0.16444151262865586,-1.3565294329333306e-15,-0.08506960363830157,-0.7928993693463657,-0.12501196775883106,0.20933722093936213,0.0425348018191509,0.16487839501895196,0.25834143915228325,-0.20933722093936075,0.042534801819150675,0.1648783950189519,0.2583414391522834
4.0575879830259698e-16,-0.22471927401761632,0.6703206621566611,3.1424286762496534,0.6822275077096014,1.1123596370088085,1.0643083083295628,0.6745511002321232,-0.6822275077096018,1.112359637008808,1.0643083083295626,0.6745511002321232,0.15671595140569713,5.248885112433892e-16,-0.06220083876214779,0.7155599532090385,0.18922982385301318,-0.0993119100633341,0.031100419381073538,-0.1616768304718194,-0.4671177667625899,0.09931191006333355,0.03110041938107429,-0.1616768304718199,-0.4671177667625892
4.696145230941966e-16,-0.2322863659937648,0.757372671231439,3.165449579347145,0.6701456391571542,1.1161431829968826,1.0446393863191905,0.6177235208114958,-0.6701456391571546,1.1161431829968822,1.0446393863191903,0.617723520811496,0.15073752053029013,-1.5684743442688591e-16,-0.08266202840400241,-0.8043822319173366,-0.12683008729606918,0.20408427172123683,0.04133101420200127,0.16067015787717498,0.2732851842649207,-0.2040842717212366,0.041331014202001165,0.1606701578771751,0.2732851842649211
4.50286756813535e-16,-0.24247252154750912,0.6582514338607224,3.1498207468222685,0.6952942373462169,1.1212362607737547,1.0644382135749504,0.651399507854192,-0.6952942373462173,1.1212362607737543,1.0644382135749502,0.6513995078541921,0.1441032046799039,5.042743236760652e-16,-0.06045493828380344,0.7260526418025139,0.18578324791302833,-0.09629526270634312,0.030227469141901324,-0.1615960915582658,-0.4759044210703703,0.0962952627063427,0.030227469141902063,-0.16159609155826643,-0.4759044210703698
5.059462895183441e-16,-0.24914526583884072,0.7383898602379093,3.170326666472985,0.6846655991779074,1.1245726329194206,1.0466019635008055,0.5988713174521257,-0.6846655991779078,1.1245726329194201,1.046601963500805,0.598871317452126,0.1388842868511266,1.0207900144237544e-15,-0.08055322204021284,-0.8155380312768927,-0.1283370970335072,0.19951154728545678,0.040276611020106365,0.1571694102801926,0.287066816946283,-0.19951154728545778,0.040276611020106476,0.15716941028019266,0.28706681694628344
6.202161462050924e-16,-0.25816260046018996,0.6470964378495537,3.155960282125181,0.7069994343384426,1.1290813002300952,1.0641959110654247,0.6310063144333515,-0.7069994343384431,1.1290813002300948,1.0641959110654242,0.6310063144333518,0.13310199182207025,7.557552565205336e-16,-0.0589398237374297,0.7361010049489061,0.18282469125181283,-0.09358523516411732,0.02946991186871456,-0.161623869240672,-0.4842521489660403,0.0935852351641166,0.029469911868715094,-0.1616238692406729,-0.48425214896604024
6.962827082739217e-16,-0.26409487777082385,0.7211848048159466,3.174361537829107,0.6975801057424212,1.132047438885412,1.0479285123601854,0.5822664666738031,-0.6975801057424219,1.1320474388854118,1.047928512360185,0.5822664666738033,0.1284960311913753,-6.585467918298673e-16,-0.07868780897953932,-0.8263939152297722,-0.1296084130332798,0.19549287963516432,0.039343904489769654,0.15422752761659358,0.29984865091439467,-0.1954928796351637,0.03934390448976964,0.1542275276165937,0.2998486509143952
6.290166104810631e-16,-0.27213230490522083,0.6367742593438336,3.161122915617238,0.7175483803168174,1.1360661524526106,1.0636818105065209,0.6128939770127725,-0.717548380316818,1.1360661524526103,1.0636818105065204,0.6128939770127728,0.12903341874402488,4.255190337275414e-16,0.004451344951121046,1.0720171126276468,0.16763641434934007,0.020692507482007117,-0.002225672475560412,-0.3348410428373279,-0.3883476621024947,-0.020692507482007513,-0.0022256724755606166,-0.3348410428373282,-0.38834766210249555
6.626652111458741e-16,-0.2717803076576018,0.7215457334014386,3.1743790341835663,0.7191846735630122,1.135890153828801,1.0372037175339834,0.582184762229288,-0.7191846735630127,1.1358901538288009,1.037203717533983,0.5821847622292884,0.12321923998747722,-1.3754644186822994e-15,-0.07844507734337765,-0.8263755531395357,-0.13068551559720223,0.19370138108435692,0.039222538671688914,0.15312981439297768,0.3023435282202894,-0.19370138108435545,0.039222538671688734,0.15312981439297793,0.3023435282202898
5.280153238645496e-16,-0.27945961995284796,0.6406484207767478,3.161585689837136,0.7381469009932441,1.1397298099764241,1.0521942268974882,0.6117824177136086,-0.7381469009932445,1.139729809976424,1.0521942268974878,0.611782417713609,0.11894571494640978,2.9096002165607985e-16,-0.057295054319454655,0.7384678428087103,0.1791189707965315,-0.08425709452439903,0.028647527159727196,-0.16570611297605342,-0.4903650753394877,0.08425709452439867,0.028647527159727508,-0.1657061129760536,-0.4903650753394888
5.540335210516688e-16,-0.28458305241839926,0.7066836164066629,3.1776028480556855,0.7306124717363588,1.1422915262091997,1.0373764718740226,0.567933042286561,-0.7306124717363592,1.1422915262091997,1.0373764718740222,0.5679330422865613,0.1147820894140672,-1.95451021926532e-16,-0.07683778178645756,-0.8359577400943107,-0.13163462255847655,0.1902070429432285,0.038418890893228926,0.15077571732229605,0.31364940506015443,-0.19020704294322827,0.03841889089322864,0.15077571732229597,0.3136494050601544
5.364311146035899e-16,-0.29150309741096225,0.6313968884606268,3.1657477750758947,0.747742603091888,1.1457515487054812,1.0509554004088928,0.5961804479826144,-0.7477426030918883,1.1457515487054812,1.0509554004088921,0.5961804479826146,0.11282255986133169,3.9554173779977424e-16,0.004923482689822949,1.0516681282671163,0.16357741940510048,0.009506983306939628,-0.0024617413449114396,-0.3226766504592644,-0.38843063967588337,-0.00950698330694002,-0.002461741344911516,-0.32267665045926436,-0.3884306396758838
5.642835013564352e-16,-0.29115640645285834,0.7054509379955058,3.177266209450599,0.748412044899447,1.1455782032264292,1.0282338668617719,0.5688287948724076,-0.7484120448994475,1.1455782032264292,1.0282338668617712,0.5688287948724078,0.10871675419284849,-1.4985359590024927e-15,-0.07658874415310318,-0.8385545513063325,-0.13278797579250876,0.18887572713747425,0.0382943720765517,0.15018244699740033,0.31598619824610746,-0.18887572713747275,0.03829437207655148,0.1501824469974003,0.31598619824610763
4.3683398848915546e-16,-0.29767022954451594,0.6341324164514694,3.165972678102407,0.7644758031773251,1.148835114772258,1.04100678672135,0.5957032164018432,-0.7644758031773254,1.148835114772258,1.0410067867213493,0.5957032164018434,0.10695474920851536,2.868250235314898e-16,-0.05589864282512946,0.7414946406303498,0.17600401420036166,-0.07571750779178608,0.027949321412564912,-0.17023778692049435,-0.49560126746398325,0.0757175077917858,0.02794932141256455,-0.1702377869204947,-0.4956012674639827
4.597577954864931e-16,-0.3021377954624377,0.6933946099033744,3.180039379823928,0.7584242616710529,1.151068897731219,1.0274009369842163,0.556093465261239,-0.7584242616710533,1.151068897731219,1.0274009369842154,0.5560934652612393,0.10289640982155887,8.355683416358734e-16,-0.07521997908486514,-0.8454870670570148,-0.13331909698035657,0.1857311103668431,0.03760998954243246,0.14820417403726255,0.32572658344487926,-0.18573111036684392,0.03760998954243268,0.14820417403726233,0.3257265834448795
5.263690377847496e-16,-0.3081343082583656,0.6259926499709098,3.1694112238378396,0.7732306866856108,1.154067154129183,1.0392157265765094,0.5820602848398168,-0.7732306866856111,1.154067154129183,1.0392157265765085,0.582060284839817,0.10015384058697847,1.5173943172150417e-14,0.005209104859231796,1.0360411673085306,0.16036162414114005,-0.00036913787960062775,-0.0026045524296150376,-0.311765537105985,-0.3891488002729618,0.0003691378795854578,-0.002604552429616779,-0.31176553710598254,-0.38914880027288656
1.4886108152731685e-15,-0.30780397762103523,0.6916922563996357,3.17958041008718,0.7732072781433897,1.1539019888105178,1.0194453991684636,0.557382768321276,-0.7732072781433911,1.1539019888105178,1.0194453991684629,0.557382768321281,0.09706964954964328,3.3676475859607646e-15,-0.07498684373037107,-0.8488439732279203,-0.13438568559632194,0.1846643651273051,0.037493421865185506,0.14790941288219595,0.3276926062433754,-0.18466436512730847,0.037493421865185575,0.14790941288219717,0.32769260624337615
1.7409869239514927e-15,-0.31342359408614157,0.6280787299334475,3.169509363302398,0.7870462778287106,1.156711797043071,1.030529932542954,0.5819404997036015,-0.7870462778287122,1.156711797043071,1.0305299325429533,0.5819404997036065,0.09621927286345766,-1.442028507242761e-15,-0.054685012516138755,0.7443585454265155,0.1733053962423023,-0.06773419059137208,0.02734250625806963,-0.17510208740986238,-0.5001098918553892,0.06773419059137355,0.027342506258069152,-0.17510208740986402,-0.5001098918553886
1.637894527585506e-15,-0.3173330930712706,0.6812938403269628,3.181899179808826,0.7822038770100703,1.1586665465356354,1.018011668369186,0.5461870267737997,-0.7822038770100718,1.1586665465356354,1.0180116683691853,0.5461870267738048,0.09523809523809536,1.104741877352073e-17,-0.03226223526160868,-2.0816681711721685e-17,9.540979117872439e-18,-2.5787275351771483e-17,0.01613111763080434,0.0,3.8163916471489756e-17,-3.966506315958594e-17,0.016131117630804336,-1.3877787807814457e-17,0.0
1.6591965786613692e-15,-0.37954235638004985,0.6812938403269628,3.181899179808826,0.7822038770100703,1.189771178190025,1.018011668369186,0.5461870267737998,-0.7822038770100719,1.189771178190025,1.0180116683691853,0.5461870267738048,0.09523809523809541,4.50306699099033e-17,-0.03034387110673407,-1.4224732503009818e-16,-3.469446951953614e-18,-9.676578654447618e-18,0.015171935553367032,0.0,5.551115123125783e-17,-5.130994207789099e-17,0.015171935553367034,0.0,2.7755575615628914e-17
1.7515158740980747e-15,-0.4417516196888291,0.6812938403269625,3.181899179808826,0.7822038770100703,1.2208758098444148,1.018011668369186,0.5461870267737999,-0.782203877010072,1.2208758098444148,1.0180116683691853,0.5461870267738049,0.09716290068863695,-2.0281823792579364e-15,0.04067904442846788,0.22882792650590905,-0.007062954182227013,0.0518124688986651,-0.020339522214233404,-0.11638122247795898,0.12608021067984151,-0.051812468898663096,-0.020339522214234445,-0.1163812224779584,0.1260802106798403
1.294785788287864e-15,-0.4325910315471999,0.7328240180751071,3.180308660286167,0.7938716212958601,1.2162955157736004,0.9918035688054261,0.5745792591645784,-0.7938716212958613,1.2162955157736002,0.9918035688054255,0.5745792591645832,0.12020134332948862,2.11496118581433e-15,-0.07967327641925583,-0.825619613895463,-0.14839939804774657,0.032731510680209616,0.039836638209627656,0.27881763352611455,0.3378147910414491,-0.03273151068021171,0.03983663820962814,0.2788176335261159,0.33781479104144957
1.4887818119946884e-15,-0.4398991083689876,0.6570935870561502,3.166696640673304,0.7968739378227392,1.2199495541844942,1.017378275616221,0.6055655139719733,-0.7968739378227405,1.219949554184494,1.0173782756162206,0.6055655139719781,0.09523809523809527,2.0539015519878816e-17,-0.028688788739204288,7.632783294297951e-17,1.8214596497756474e-17,-3.2500545581436585e-17,0.014344394369602144,0.0,5.204170427930421e-17,-4.744969965807671e-18,0.014344394369602144,-1.3877787807814457e-17,1.214306433183765e-17
1.5333189667764515e-15,-0.5021083716777668,0.6570935870561503,3.166696640673304,0.7968739378227391,1.2510541858388837,1.017378275616221,0.6055655139719734,-0.7968739378227405,1.2510541858388835,1.0173782756162206,0.6055655139719781,0.09523809523809516,7.366891295679436e-17,-0.02716179821139909,1.0408340855860843e-16,-5.204170427930421e-17,-3.590322908338481e-18,0.01358089910569954,-2.7755575615628914e-17,5.204170427930421e-17,-3.1345898523967394e-17,0.01358089910569954,0.0,1.3877787807814457e-17
1.7020444969542521e-15,-0.5643176349865459,0.6570935870561505,3.166696640673304,0.7968739378227391,1.2821588174932732,1.017378275616221,0.6055655139719736,-0.7968739378227406,1.282158817493273,1.0173782756162206,0.6055655139719781,0.10180308142268668,-1.8430637052666146e-15,0.05920828717192479,0.2462708652406271,0.010011119145420987,0.05285112485002474,-0.02960414358596234,-0.12092570682942606,0.10341042828297684,-0.0528511248500229,-0.029604143585962472,-0.12092570682942398,0.10341042828297628
1.2726999307696296e-15,-0.5505249720971819,0.7144627694118701,3.1690287465002656,0.8091856898290652,1.2752624860485913,0.989208443509556,0.6296551346092039,-0.8091856898290664,1.275262486048591,0.989208443509556,0.6296551346092082,0.10610815275140956,1.08885051824792e-17,-0.024569581212253642,-0.03044059862371467,-0.007636435925678749,-0.15475412899015512,0.01228479060612677,0.13758390833742132,0.02140878226605529,0.15475412899015512,0.01228479060612687,0.13758390833742146,0.021408782266054693
1.275805775354429e-15,-0.5575332160645593,0.7057798724660481,3.166850524350443,0.7650435173779901,1.27876660803228,1.0284529706052414,0.6357617901467492,-0.7650435173779913,1.2787666080322797,1.0284529706052417,0.6357617901467533,0.09523809523809529,2.1895464933366055e-17,-0.025932065664967554,5.204170427930421e-17,3.8163916471489756e-17,-2.680581478572295e-17,0.012966032832483779,1.3877787807814457e-17,7.979727989493313e-17,-2.680581478572295e-17,0.012966032832483779,1.3877787807814457e-17,-1.734723475976807e-17
1.3283315078165373e-15,-0.6197424793733385,0.7057798724660482,3.166850524350443,0.76504351737799,1.3098712396866694,1.0284529706052414,0.6357617901467494,-0.7650435173779914,1.3098712396866692,1.0284529706052417,0.6357617901467533,0.09824086044761236,-1.6587325414287598e-15,0.07502171325871614,0.24512547563536513,0.02037997859352235,0.07340703146154313,-0.03751085662935779,-0.13871503227970966,0.100542082613833,-0.07340703146154148,-0.03751085662935837,-0.1387150322797087,0.10054208261383293
9.779387831719749e-16,-0.6038947993769106,0.7575604827467677,3.171155616370541,0.7805501099837661,1.3019473996884554,0.9991506346977419,0.6570004246997043,-0.7805501099837671,1.3019473996884552,0.9991506346977423,0.6570004246997082,0.09523809523809526,1.1906437142428194e-17,-0.02498582917431476,-1.0755285551056204e-16,2.2551405187698492e-17,4.192426481787418e-18,0.012492914587157379,0.0,5.204170427930421e-18,3.1948002097416333e-17,0.012492914587157377,-5.551115123125783e-17,-4.336808689942018e-17
1.0075832139449255e-15,-0.6661040626856898,0.7575604827467675,3.171155616370541,0.7805501099837661,1.333052031342845,0.9991506346977419,0.6570004246997043,-0.780550109983767,1.3330520313428447,0.9991506346977422,0.6570004246997081,0.09523809523809529,1.1814920717304106e-18,-0.023819574550124113,9.367506770274758e-17,3.382710778154774e-17,-2.252599182355615e-17,0.011909787275062058,2.7755575615628914e-17,-1.5612511283791264e-17,5.2295837920727656e-18,0.011909787275062055,0.0,-1.3877787807814457e-17
1.0106689009387399e-15,-0.728313325994469,0.7575604827467677,3.171155616370541,0.780550109983766,1.3641566629972344,0.999150634697742,0.6570004246997043,-0.780550109983767,1.3641566629972341,0.9991506346977422,0.6570004246997081,0.09523809523809534,1.4074620954631322e-17,-0.02275733839413093,-3.365363543395006e-16,-1.3010426069826053e-17,1.9542863165065498e-17,0.011378669197065476,0.0,-5.0306980803327406e-17,-3.5968288066192326e-17,0.011378669197065466,4.163336342344337e-17,-5.204170427930421e-18
1.0491431629888103e-15,-0.7905225893032481,0.7575604827467668,3.171155616370541,0.780550109983766,1.395261294651624,0.999150634697742,0.6570004246997042,-0.7805501099837671,1.3952612946516236,0.9991506346977423,0.6570004246997081,0.10183713429504751,-1.3171942551640857e-15,0.10609803348466532,0.20222833894845121,0.049098108199728416,0.05395948457698475,-0.053049016742332186,-0.11881910148270987,0.09423789780272473,-0.05395948457698343,-0.05304901674233309,-0.11881910148270976,0.09423789780272579
7.285073788843243e-16,-0.7646958549207316,0.8067875741743763,3.183107240331052,0.7936851062680157,1.3823479274603658,0.9702272958499323,0.6799401256100843,-0.7936851062680165,1.3823479274603652,0.9702272958499326,0.6799401256100885,0.1077870706585739,3.17544131170694e-18,-0.020100144096592307,-0.02655680509819219,-0.006836287793665458,-0.15035709800967695,0.01005007204829603,0.13403976578450338,0.01928390044709378,0.15035709800967698,0.010050072048296277,0.1340397657845035,0.019283900447093192
7.2945638648588675e-16,-0.7707029536725939,0.7988508474528078,3.181064157670781,0.7487496107090212,1.385351476836297,1.0102862181081322,0.6857032830158272,-0.7487496107090219,1.3853514768362964,1.0102862181081327,0.6857032830158313,0.09523809523809512,1.9056749681094553e-17,-0.022086199191088205,7.28583859910259e-17,2.7755575615628914e-17,-5.442140231153838e-18,0.011043099595544104,-1.3877787807814457e-17,-8.326672684688674e-17,2.2313435384475074e-17,0.011043099595544104,-2.7755575615628914e-17,1.3877787807814457e-17
7.831327274653277e-16,-0.832912216981373,0.798850847452808,3.181064157670781,0.7487496107090212,1.4164561084906864,1.0102862181081322,0.685703283015827,-0.7487496107090218,1.416456108490686,1.0102862181081327,0.6857032830158313,0.10336709286776556,-1.7264422666547759e-15,0.12346697302714815,0.20168311815350326,0.06441575908636257,0.076577758776473,-0.06173348651357377,-0.1364909562539626,0.0878157408258045,-0.0765777587764713,-0.061733486513574395,-0.13649095625396235,0.08781574082580555
3.9033540161722613e-16,-0.8048212128555332,0.844737461218876,3.1957199260102724,0.7661724573618218,1.4024106064277666,0.9792320185820225,0.7056829769968962,-0.7661724573618219,1.402410606427766,0.9792320185820229,0.7056829769969007,0.09706438925975998,7.695983823971383e-16,-0.1188826695713059,-0.7264754860882,-0.19508563006266305,0.02183985216349057,0.059441334785652736,0.2962601612001172,0.2895467831663707,-0.021839852163491245,0.059441334785653166,0.29626016120011855,0.2895467831663703
4.522644059921223e-16,-0.8143876120741085,0.7862785239533417,3.180021531738706,0.7679298938782124,1.4071938060370541,1.0030718514594281,0.7289825893812087,-0.7679298938782126,1.4071938060370535,1.0030718514594286,0.7289825893812133,0.09523809523809533,4.8731212537011316e-17,-0.0214347523934254,9.71445146547012e-17,-2.42861286636753e-17,-2.717413600915485e-18,0.010717376196712699,-1.3877787807814457e-17,3.8163916471489756e-17,-2.717413600915485e-18,0.010717376196712702,0.0,4.85722573273506e-17
5.936951431627028e-16,-0.8765968753828877,0.7862785239533421,3.180021531738706,0.7679298938782124,1.4382984376914436,1.0030718514594281,0.7289825893812089,-0.7679298938782126,1.4382984376914432,1.0030718514594286,0.7289825893812134,0.10392731725767766,-1.3893855646583434e-15,0.13659751960753264,0.20333410257617615,0.07869095162264626,0.0708180397771826,-0.06829875980376592,-0.13391055545702812,0.07790932642129281,-0.07081803977718126,-0.06829875980376668,-0.13391055545702701,0.07790932642129299
2.776093074210185e-16,-0.8455208787382806,0.8325371229934009,3.1979237583355893,0.7840410295182773,1.4227604393691402,0.9726071403576712,0.7467069958961143,-0.7840410295182771,1.4227604393691395,0.9726071403576718,0.746706995896119,0.10262338221704231,-4.193814009348653e-17,-0.01814981534371224,-0.02887233029096408,-0.007209899721058219,-0.16173130108454548,0.009074907671856038,0.14273246971421916,0.019757997663852254,0.16173130108454548,0.009074907671856185,0.1427324697142193,0.01975799766385181
2.664514126999298e-16,-0.8503497464076839,0.8248554656518748,3.1960055210971747,0.741011442927566,1.4251748732038418,1.0105819734523698,0.751963730156178,-0.7410114429275658,1.4251748732038412,1.0105819734523704,0.7519637301561826,0.09523809523809532,-3.7351638777056844e-17,-0.02092662378101498,7.979727989493313e-17,-4.2500725161431774e-17,4.0918669658646494e-17,0.010463311890507488,0.0,-1.0408340855860843e-17,4.0918669658646494e-17,0.01046331189050749,-1.3877787807814457e-17,-2.0816681711721685e-17
1.5541496668686748e-16,-0.9125590097164631,0.8248554656518751,3.1960055210971747,0.7410114429275662,1.4562795048582313,1.0105819734523698,0.751963730156178,-0.7410114429275657,1.4562795048582307,1.0105819734523704,0.7519637301561825,0.10666106560539773,-1.4121889819293664e-15,0.15352089872505822,0.19968466659068904,0.09469846457283865,0.08946808709411452,-0.0767604493625284,-0.14709580671407663,0.07222984656075558,-0.08946808709411326,-0.07676044936252986,-0.1470958067140763,0.07222984656075715
-1.5173592688975648e-16,-0.8791682370723761,0.8682868509421676,3.216602423060071,0.7604707385665991,1.439584118536188,0.9785886573652579,0.767673711042538,-0.7604707385665984,1.439584118536187,0.9785886573652586,0.7676737110425428,0.09523809523809533,-1.7988654370090924e-17,-0.0205364956304486,-1.0408340855860843e-17,-3.469446951953614e-18,1.6024664610695785e-17,0.01026824781522429,2.7755575615628914e-17,-3.2959746043559335e-17,2.1468768028813284e-18,0.010268247815224285,2.7755575615628914e-17,6.938893903907228e-18
-2.062272557131816e-16,-0.9413775003811553,0.8682868509421676,3.216602423060071,0.7604707385665991,1.4706887501905774,0.978588657365258,0.7676737110425379,-0.7604707385665984,1.4706887501905765,0.9785886573652587,0.7676737110425428,0.09523809523809533,-1.693137286320092e-17,-0.019742014800696487,-8.326672684688674e-17,0.0,2.206977803229949e-18,0.009871007400348233,4.163336342344337e-17,-5.0306980803327406e-17,-1.1670810004584508e-17,0.009871007400348238,2.7755575615628914e-17,6.938893903907228e-18
-2.595798766720528e-16,-1.0035867636899345,0.8682868509421674,3.216602423060071,0.7604707385665991,1.501793381844967,0.9785886573652581,0.7676737110425378,-0.7604707385665984,1.501793381844966,0.9785886573652588,0.7676737110425428,0.10763735520750639,-1.3251962796132789e-15,0.17703000313200853,0.1656950766005143,0.11931762567935753,0.06972549154500539,-0.08851500156600367,-0.12769371814264616,0.06991846745030553,-0.0697254915450041,-0.08851500156600488,-0.1276937181426453,0.06991846745030633
-5.636768502099584e-16,-0.9629631300395595,0.9063094232203298,3.243982615275378,0.7764708672143089,1.4814815650197795,0.9492863767715389,0.7837181224804051,-0.776470867214308,1.4814815650197783,0.9492863767715398,0.7837181224804103,0.1081385752095438,-2.1610670351382625e-17,-0.016550354224547655,-0.02366684005710524,-0.005778835257478134,-0.1518614601437302,0.008275177112273671,0.13551310003260925,0.016529580216480724,0.15186146014373025,0.008275177112274,0.13551310003260936,0.01652958021648019
-5.701120475014352e-16,-0.9678914729806648,0.8992619423899374,3.242261801233419,0.7312497592566779,1.4839457364903321,0.9896392913322704,0.7886402793644252,-0.731249759256677,1.483945736490331,0.9896392913322714,0.7886402793644302,0.09523809523809529,3.0662104765733273e-18,-0.01942178193360634,-8.326672684688674e-17,-8.673617379884035e-18,-2.3738670337215244e-17,0.009710890966803182,-4.163336342344337e-17,-3.122502256758253e-17,1.7894693086228126e-17,0.009710890966803182,-1.3877787807814457e-17,8.673617379884035e-18
-5.602907707746468e-16,-1.0301007362894439,0.8992619423899372,3.242261801233419,0.7312497592566778,1.5150503681447218,0.9896392913322702,0.788640279364425,-0.7312497592566769,1.5150503681447207,0.9896392913322714,0.7886402793644302,0.11231112144085664,-1.7148389484918722e-15,0.19234355196354644,0.1658486552599231,0.13507714695506576,0.09279971292805095,-0.09617177598177225,-0.1439215893316867,0.0628974832592912,-0.09279971292804928,-0.09617177598177416,-0.14392158933168633,0.06289748325929351
-9.364133388680623e-16,-0.9879132464471105,0.9356381992891999,3.2718888186557558,0.7516038959384501,1.4939566232235553,0.9580723865619262,0.8024358389712923,-0.7516038959384488,1.493956623223554,0.9580723865619274,0.8024358389712979,0.10453401616489792,1.382651269144567e-15,-0.15185444205089957,-0.6445616764274243,-0.22664473253038353,0.016609190421735177,0.07592722102544924,0.30170447969971537,0.25690057040523434,-0.016609190421736565,0.07592722102545033,0.3017044796997166,0.2569005704052335
-8.084130497019222e-16,-1.0019713194604913,0.875967273720841,3.250906961589353,0.753141507933782,1.5009856597302456,0.9860029728971025,0.8262186597249022,-0.7531415079337809,1.5009856597302444,0.9860029728971038,0.8262186597249076,0.09682363919694456,-2.020377810383866e-15,0.18354886661327366,0.18012506708270196,0.1225157282831532,0.08013289707056419,-0.09177443330663619,-0.14121990169695706,0.06580989733855988,-0.08013289707056222,-0.09177443330663745,-0.14121990169695608,0.0658098973385617
-1.200412733090398e-15,-0.9663586250283315,0.9109156724331253,3.2746778258555667,0.7686891298286662,1.4831793125141657,0.9586030695380169,0.8389872908135806,-0.7686891298286648,1.4831793125141643,0.9586030695380184,0.8389872908135865,0.10146115922649859,-1.1704763140748656e-17,-0.01582608275748415,-0.02733482230448496,-0.006591736152502546,-0.16510819111790825,0.007913041378741895,0.1453852331657359,0.018139887247205715,0.16510819111790828,0.007913041378742248,0.14538523316573604,0.018139887247205125
-1.2034380493998366e-15,-0.9704491739531586,0.9038504731856948,3.272974067594944,0.726013810609947,1.4852245869765792,0.9961806191012909,0.8436758860530091,-0.7260138106099455,1.4852245869765779,0.9961806191012925,0.8436758860530148,0.0952380952380954,1.2999629805691107e-17,-0.019391438869721316,4.163336342344337e-17,3.469446951953614e-18,-2.015478388866629e-17,0.009695719434860663,0.0,-1.734723475976807e-18,3.5356367342591537e-17,0.009695719434860658,-1.3877787807814457e-17,1.734723475976807e-18
-1.161734213035139e-15,-1.0326584372619378,0.9038504731856949,3.272974067594944,0.7260138106099469,1.516329218630969,0.9961806191012909,0.8436758860530091,-0.7260138106099454,1.5163292186309676,0.9961806191012925,0.8436758860530148,0.1044440761402396,-1.9253518971534156e-15,0.1996588974533328,0.1781851310898087,0.14007740542062708,0.10276478211890695,-0.09982944872666533,-0.15572980001126038,0.058125044724177274,-0.10276478211890505,-0.09982944872666745,-0.15572980001125963,0.05812504472418037
-1.5332066854560154e-15,-0.99413676006232,0.9382290568058792,3.3000002440558984,0.7458409849295831,1.4970683800311602,0.9661345096470554,0.8548903835717158,-0.7458409849295813,1.4970683800311584,0.9661345096470572,0.8548903835717221,0.09523809523809532,-2.3951347111394648e-17,-0.019114864068264053,6.591949208711867e-17,-2.0816681711721685e-17,-1.8466006001895266e-17,0.009557432034132021,-1.3877787807814457e-17,-1.214306433183765e-17,2.3167357421548104e-17,0.00955743203413204,-1.3877787807814457e-17,3.9898639947466563e-17
-1.6111562671915465e-15,-1.056346023371099,0.9382290568058794,3.3000002440558984,0.745840984929583,1.5281730116855496,0.9661345096470554,0.8548903835717158,-0.7458409849295812,1.528173011685548,0.9661345096470572,0.8548903835717222,0.09523809523809534,-2.789842842373502e-17,-0.0184247231199069,8.673617379884035e-17,3.859759734048396e-17,2.2786514918224166e-17,0.009212361559953426,4.163336342344337e-17,1.9081958235744878e-17,-4.9690606974047494e-18,0.009212361559953435,0.0,3.122502256758253e-17
-1.705352563571062e-15,-1.1185552866798782,0.9382290568058798,3.3000002440558984,0.7458409849295831,1.5592776433399391,0.9661345096470555,0.8548903835717159,-0.7458409849295812,1.5592776433399376,0.9661345096470572,0.8548903835717223,0.11009870935751155,-1.5368860944660324e-15,0.21790541120695414,0.14833979343598208,0.161817816816841,0.08817972268100023,-0.10895270560347585,-0.14010099225807884,0.05681108376991116,-0.08817972268099875,-0.1089527056034783,-0.1401009922580782,0.056811083769913166
-2.0238183312819606e-15,-1.0734020288566353,0.9689672789609051,3.3335313140860308,0.7641131413250742,1.536701014428318,0.9371034902259127,0.866662489176952,-0.764113141325072,1.5367010144283157,0.9371034902259144,0.8666624891769588,0.10752432803026184,-9.62042205546859e-17,-0.014783355156388428,-0.02266561124845748,-0.005193188690480679,-0.1542350649475101,0.0073916775781939495,0.13748124849813703,0.015198895062419095,0.1542350649475101,0.007391677578194455,0.13748124849813714,0.015198895062418661
-2.051921622242545e-15,-1.0777205600909014,0.9623461737324415,3.332014273649132,0.7190578113036574,1.538860280045451,0.9772646755241329,0.8711024084211992,-0.7190578113036552,1.538860280045449,0.9772646755241348,0.8711024084212059,0.0952380952380953,-3.215409063883745e-17,-0.018198959072316,7.28583859910259e-17,-2.862293735361732e-17,3.875231994057962e-17,0.00909947953615799,-1.3877787807814457e-17,2.0816681711721685e-17,-2.881043482863747e-18,0.009099479536157987,4.163336342344337e-17,-3.469446951953614e-17
-2.1618335289102506e-15,-1.1399298233996806,0.9623461737324417,3.332014273649132,0.7190578113036575,1.5699649116998404,0.9772646755241329,0.8711024084211993,-0.7190578113036552,1.5699649116998384,0.9772646755241349,0.8711024084212058,0.11575812710951493,-1.4854297716235493e-15,0.23072615235067995,0.14969929614420288,0.17576616785311092,0.11084629587035519,-0.11536307617533845,-0.15526619464238928,0.05005568356239734,-0.11084629587035366,-0.11536307617534146,-0.15526619464238833,0.05005568356240012
-2.461334396334515e-15,-1.0934094936698115,0.9925294041378662,3.3674532561856867,0.7414072770260609,1.5467047468349062,0.9459590151250997,0.8811949223406335,-0.7414072770260584,1.5467047468349036,0.9459590151251018,0.8811949223406405,0.10887559495545598,1.342311478364308e-15,-0.1692862941185519,-0.6036037114533622,-0.24190667993863785,0.010317148894206067,0.08464314705927513,0.30857362961457235,0.23564214813206083,-0.010317148894207361,0.08464314705927682,0.3085736296145733,0.23564214813206
-2.327883438733685e-15,-1.1102397289936914,0.9325198649189784,3.343403191347392,0.7424329952902896,1.555119864496846,0.9766370261725864,0.9046221751252553,-0.7424329952902872,1.5551198644968436,0.9766370261725886,0.9046221751252622,0.09929167056920254,-1.8987442020440197e-15,0.21527846898193956,0.1640631216330419,0.1561934477507343,0.09526521469201524,-0.10763923449096839,-0.15074597292245553,0.05482725896085841,-0.09526521469201346,-0.1076392344909712,-0.1507459729224546,0.05482725896086187
-2.673494705919412e-15,-1.0710545325978018,0.9623827939564977,3.3718336746874473,0.7597732623641713,1.5355272662989015,0.9491980975013155,0.9146018861497227,-0.7597732623641685,1.5355272662988986,0.9491980975013178,0.9146018861497303,0.10120569138537237,-7.868138155227893e-17,-0.014190752461613113,-0.02620566919887008,-0.005923307530487493,-0.1663745442918159,0.007095376230806219,0.1464571760388577,0.016729737167728034,0.16637454429181595,0.00709537623080686,0.14645717603885786,0.016729737167727417
-2.693655415747408e-15,-1.0746906614630456,0.9556680555756544,3.3703159320908105,0.7171427334632056,1.5373453307315232,0.9867251537132763,0.9188885848563678,-0.7171427334632028,1.5373453307315206,0.9867251537132786,0.9188885848563751,0.09523809523809512,-2.6976404202166544e-17,-0.018230624601401187,5.898059818321144e-17,-2.5153490401663703e-17,2.8120909819644775e-17,0.009115312300700586,4.163336342344337e-17,-2.6020852139652106e-17,4.199869762745923e-17,0.009115312300700592,1.3877787807814457e-17,2.42861286636753e-17
-2.7857083359752565e-15,-1.1368999247718246,0.9556680555756546,3.3703159320908105,0.7171427334632057,1.5684499623859127,0.9867251537132764,0.9188885848563677,-0.7171427334632027,1.56844996238591,0.9867251537132786,0.9188885848563753,0.10781123721948732,-1.7558959189792431e-15,0.2297165598553847,0.1632842949297294,0.17264830234676445,0.11804895662687187,-0.11485827992769043,-0.16486935915886672,0.04745047130385838,-0.11804895662687005,-0.11485827992769418,-0.16486935915886552,0.04745047130386226
-3.1068692853012242e-15,-1.0948837735628514,0.9855334585319634,3.4018940524576697,0.738734397620194,1.5474418867814266,0.9565698356617334,0.9275674810512918,-0.7387343976201907,1.547441886781423,0.9565698356617358,0.9275674810513,0.09523809523809526,-3.448446631004454e-17,-0.018021642197140537,1.6306400674181987e-16,-2.5587171270657905e-17,3.0151888889853556e-17,0.009010821098570262,1.3877787807814457e-17,-3.469446951953614e-18,3.0151888889853556e-17,0.009010821098570272,0.0,6.938893903907228e-18
-3.2259068969282417e-15,-1.1570930368716306,0.985533458531964,3.4018940524576697,0.7387343976201941,1.578546518435816,0.9565698356617334,0.9275674810512918,-0.7387343976201906,1.5785465184358125,0.9565698356617358,0.9275674810513,0.09523809523809525,-7.194815130077952e-17,-0.017406915880661757,2.7755575615628914e-17,2.7321894746634712e-17,2.0369521114526117e-18,0.00870345794033088,0.0,3.8163916471489756e-17,2.9792527727081525e-17,0.00870345794033088,0.0,4.5102810375396984e-17
-3.4830369663521143e-15,-1.2193023001804097,0.9855334585319641,3.4018940524576697,0.7387343976201941,1.6096511500902055,0.9565698356617334,0.9275674810512919,-0.7387343976201904,1.609651150090202,0.9565698356617358,0.9275674810513002,0.11370140736741813,-1.6624372490695024e-15,0.2524247931559307,0.13770390385603848,0.18221012184908306,0.10286283163639189,-0.12621239657796327,-0.15037502638498515,0.05079870825652523,-0.10286283163639018,-0.12621239657796748,-0.15037502638498473,0.050798708256529095
-3.8059559001162315e-15,-1.1702702268752878,1.0122816547921463,3.4372873271821556,0.7587149147402077,1.585135113437645,0.9273603462736859,0.9374348397837633,-0.7587149147402037,1.5851351134376406,0.9273603462736885,0.9374348397837723,0.10846950770357594,-7.046448270914365e-17,-0.013673884403508658,-0.021214041372225607,-0.00456414541130438,-0.1537869470365871,0.006836942201753893,0.13739830840682654,0.013670407587157627,0.15378694703658727,0.006836942201754752,0.13739830840682665,0.013670407587157141
-3.8267844149552395e-15,-1.1743120745303817,1.0060110208709325,3.4359382167257695,0.7132572091664798,1.5871560372651918,0.9679737531345416,0.9414756597307385,-0.7132572091664757,1.5871560372651876,0.9679737531345443,0.9414756597307474,0.09523809523809519,-5.4767449454708956e-17,-0.017244105559518646,-6.591949208711867e-17,1.2576745200831851e-17,4.483344008202368e-18,0.008622052779759335,-1.3877787807814457e-17,-3.469446951953614e-18,1.8361131816016824e-17,0.008622052779759335,-1.3877787807814457e-17,-2.7755575615628914e-17
-4.0243616492234196e-15,-1.2365213378391609,1.0060110208709323,3.4359382167257695,0.7132572091664798,1.6182606689195813,0.9679737531345416,0.9414756597307385,-0.7132572091664756,1.618260668919577,0.9679737531345443,0.9414756597307473,0.11864639132035644,-2.087073700309983e-15,0.23135845874005131,0.14041417758350266,0.16238443727472401,0.10901492557629622,-0.11567922937002345,-0.15329422534577897,0.054454446181922744,-0.10901492557629405,-0.11567922937002785,-0.15329422534577794,0.05445444618192683
-4.4639609492620166e-15,-1.1877904202366683,1.0355863895663622,3.470141170340933,0.7362189689596207,1.5938952101183355,0.9356854663567653,0.952945372765792,-0.736218968959616,1.5938952101183304,0.9356854663567682,0.9529453727658016,0.11120956774868546,1.3516801519337804e-15,-0.17930199675827319,-0.5745328750051176,-0.24995014690214598,0.004431020749327684,0.08965099837913523,0.31445076567767305,0.21838584190428523,-0.004431020749329058,0.08965099837913795,0.31445076567767494,0.21838584190428353
-4.323593285870395e-15,-1.2064103594955262,0.9759229868813682,3.4441846465029133,0.7366791163015293,1.6032051797477642,0.9683401732907498,0.9756240444190386,-0.7366791163015247,1.6032051797477596,0.968340173290753,0.9756240444190479,0.10183411110650077,-1.9875727946250875e-15,0.23353818813018562,0.15283326064382763,0.17682189313785926,0.10842121801902173,-0.11676909406509026,-0.15949807459179438,0.048566002973907334,-0.1084212180190198,-0.11676909406509539,-0.1594980745917937,0.04856600297391168
-4.672365067005154e-15,-1.165429958648113,1.0027415912995452,3.475212685717419,0.7557044629069738,1.582714979324058,0.940352052446382,0.9841462235339931,-0.7557044629069689,1.5827149793240525,0.9403520524463852,0.9841462235340032,0.10241990804407569,-9.880867816786102e-17,-0.013110585218447202,-0.0245423499306565,-0.005211000972711881,-0.16547950798660085,0.006555292609223083,0.14607127177489126,0.0150885077809517,0.16547950798660102,0.006555292609224127,0.1460712717748914,0.01508850778095107
-4.698124001685433e-15,-1.1688478235009194,0.9963435218132767,3.4738542034852515,0.7125647719791182,1.5844239117504613,0.9784321119925938,0.9880797230358499,-0.7125647719791133,1.584423911750456,0.9784321119925972,0.9880797230358598,0.09523809523809532,-4.581471679714076e-17,-0.017295440551457212,6.938893903907228e-18,8.673617379884035e-19,2.242787638794911e-17,0.008647720275728596,-1.3877787807814457e-17,1.734723475976807e-17,5.018345200357802e-17,0.008647720275728592,0.0,5.551115123125783e-17
-4.8629130842283664e-15,-1.2310570868096986,0.9963435218132767,3.4738542034852515,0.7125647719791183,1.6155285434048507,0.9784321119925938,0.98807972303585,-0.712564771979113,1.6155285434048454,0.9784321119925972,0.98807972303586,0.11055205125406603,-2.255904009663463e-15,0.2365895166151666,0.15360540424346578,0.16543664296843427,0.11910132294082569,-0.11829475830758053,-0.16494683664031767,0.049980552361849125,-0.11910132294082337,-0.1182947583075861,-0.16494683664031617,0.04998055236185396
-5.285689151983264e-15,-1.1867181499231447,1.0251305129768067,3.5048584718748446,0.7348853976624957,1.5933590749615743,0.9475196375767139,0.9974465140434658,-0.7348853976624901,1.593359074961568,0.9475196375767174,0.9974465140434768,0.0952380952380951,-6.155200707075504e-17,-0.01712867800678535,-2.949029909160572e-17,-3.642919299551295e-17,1.1126793122591164e-17,0.00856433900339265,0.0,-1.0408340855860843e-17,2.500458093040562e-17,0.008564339003392653,-2.7755575615628914e-17,-5.204170427930421e-18
-5.509238512507851e-15,-1.248927413231924,1.0251305129768067,3.5048584718748446,0.7348853976624957,1.6244637066159637,0.9475196375767139,0.9974465140434658,-0.73488539766249,1.6244637066159575,0.9475196375767173,0.9974465140434768,0.0952380952380954,-3.786224372976395e-17,-0.016572421098582847,1.3530843112619095e-16,3.0791341698588326e-17,2.4211642585311387e-17,0.008286210549291427,2.7755575615628914e-17,3.642919299551295e-17,2.4211642585311387e-17,0.008286210549291411,0.0,3.642919299551295e-17
-5.6513651381610866e-15,-1.311136676540703,1.0251305129768071,3.5048584718748446,0.7348853976624958,1.6555683382703534,0.947519637576714,0.997446514043466,-0.7348853976624898,1.655568338270347,0.9475196375767173,0.997446514043477,0.11405889111616674,-2.607674117213009e-15,0.23337628839810895,0.10229851618831685,0.154813946128113,-0.07446470241291844,-0.11668814419905227,0.0024151027222416716,0.07507050872836916,0.07446470241292104,-0.11668814419905663,0.002415102722243656,0.07507050872837329
-6.2907238571039345e-15,-1.2539166566782047,1.0502124232616012,3.5428163001240067,0.7166278798128086,1.6269583283391047,0.9481117809631959,1.0158525656179838,-0.716627879812802,1.6269583283390971,0.9481117809631997,1.0158525656179958,0.09523702746126246,-2.2075874462569264e-17,-0.0006699388139940962,-6.397015109953219e-7,-0.0006701845838078544,-0.00041625574168237256,0.0003349694069970221,0.0003149801393200341,0.0002186985158660979,0.0004162557416824142,0.00033496940699702035,0.0003149801393200341,0.00021869851586605628
-7.557465729211488e-15,-1.2923586014752413,1.0501757163718695,3.504360252741158,0.69274259371063,1.6461793007376215,0.9661857436519891,1.0284017657814966,-0.6927425937106209,1.6461793007376138,0.9661857436519928,1.0284017657815063,0.11320915890017019,-4.788046756059958e-15,0.1822445309296707,0.13912344943267707,0.11283661592789498,0.09233836916084892,-0.09112226546483253,-0.1418140935506207,0.06812138716517295,-0.09233836916084422,-0.09112226546483812,-0.14181409355061708,0.06812138716518011
-8.68290059313654e-15,-1.2495218541923685,1.0828768131568751,3.5308826047486543,0.714446813662132,1.6247609270961858,0.9328522084529441,1.044413761486758,-0.7144468136621218,1.6247609270961767,0.9328522084529488,1.0444137614867692,0.10355907539782543,-1.9338894079336756e-15,-0.2404405180849578,-0.5305906045881916,-0.3165751770801235,0.11778439339775183,0.12022025904247634,0.21775308574167873,0.20427524058296745,-0.11778439339775001,0.12022025904248157,0.2177530857416825,0.20427524058296684
-8.87798337637975e-15,-1.273776501474692,1.0293530224576133,3.498947807237927,0.7263284172286968,1.6368882507373472,0.9548182411805719,1.0650202048113433,-0.7263284172286864,1.6368882507373388,0.954818241180577,1.0650202048113546,0.0970912972418376,-3.978877556699067e-15,0.21261005400048932,0.14607335258030105,0.13887505257550764,0.09072621484770221,-0.10630502700024123,-0.14775330574599466,0.06240258581739036,-0.09072621484769831,-0.106305027000248,-0.1477533057459918,0.06240258581739754
-9.613943398641256e-15,-1.2344507122676895,1.056371734716253,3.5246350733898995,0.7431097496893044,1.6172253561338465,0.9274887934565645,1.0765626078616757,-0.7431097496892932,1.617225356133837,0.9274887934565701,1.0765626078616883,0.1013129156727745,-1.5385236584600741e-16,-0.011948071787278585,-0.023893552231763218,-0.004794285706709321,-0.17001158137114555,0.005974035893638544,0.14982121753614647,0.014139969459794604,0.1700115813711457,0.00597403589364004,0.14982121753614672,0.014139969459794052
-9.652627569936754e-15,-1.2374548991264904,1.050364012558008,3.523429612762121,0.7003625543516482,1.6187274495632467,0.9651593850720961,1.0801179188098562,-0.700362554351637,1.6187274495632376,0.9651593850721017,1.0801179188098688,0.09461955203157532,-1.0215033164798568e-15,-0.01604175676044916,-0.000413695092850188,-0.01617367509452829,-0.010576824947297905,0.00802087838022423,0.007900122481118599,0.005170094431166868,0.010576824947298946,0.00802087838022491,0.007900122481119334,0.005170094431167269
-1.2039118944555032e-14,-1.2749325201238093,1.0493975156755397,3.4856437970077665,0.6756524030478256,1.6374662600619052,0.9836160790988837,1.0921965734425796,-0.6756524030478119,1.6374662600618977,0.983616079098891,1.0921965734425931,0.10974101576044515,-1.1500718044578254e-14,0.14929770080903282,0.15061953288142024,0.07864127268009276,0.08724757244002336,-0.0746488504045138,-0.14027720440945157,0.07356687492072223,-0.0872475724400119,-0.07464885040451899,-0.14027720440944172,0.07356687492073337
-1.486447227820746e-14,-1.2382549183382148,1.0863998487203281,3.504963406537201,0.6970863012349663,1.6191274591691085,0.9491545206485807,1.110269568058915,-0.6970863012349497,1.6191274591690996,0.9491545206485905,1.1102695680589312,0.09415916573009303,-1.992092825926129e-15,-0.019813811739531388,-0.0007025116709646687,-0.020046646192701783,-0.014539477278300766,0.009906905869765156,0.011080255633365135,0.006145860980992192,0.014539477278302682,0.009906905869766194,0.011080255633366745,0.006145860980992767
-1.8466915154986637e-14,-1.2740856406991241,1.085129446994071,3.46871163310559,0.6707935323079175,1.6370428203495622,0.9691917335032335,1.12138356476856,-0.6707935323078975,1.6370428203495553,0.9691917335032462,1.1213835647685773,0.09800719854470111,-1.4688724936094584e-14,0.1512249130732306,0.14377336344252334,0.07646499464351236,0.07948246197947449,-0.0756124565366119,-0.1354971076109936,0.07802866812029982,-0.07948246197945977,-0.07561245653661866,-0.13549710761098,0.07802866812031405
-2.1759421591548735e-14,-1.2401882805246787,1.1173565277379869,3.485851411277676,0.6886096816877834,1.6200941402623403,0.938819791698504,1.1388738434101833,-0.68860968168776,1.620094140262332,0.9388197916985197,1.1388738434102037,0.09326811082351133,-3.436627866902042e-15,-0.025381146695398853,-0.001267217689518714,-0.025808150557525646,-0.02031123402536071,0.012690573347698592,0.015652076687719063,0.007624255501008965,0.020311234025364097,0.012690573347700271,0.015652076687722005,0.0076242555010098325
-2.639089779698513e-14,-1.2743939558375539,1.1156487232262913,3.4510702712058388,0.6612366285860786,1.637196977918777,0.9599137895220696,1.1491489035286133,-0.6612366285860506,1.6371969779187707,0.9599137895220893,1.1491489035286349,0.089585644211342,-2.0108176414472602e-14,0.14648503109341618,0.13773905985067703,0.06869993769251367,0.07179263681628378,-0.07324251554670365,-0.12949717528070345,0.08241585371426928,-0.07179263681626373,-0.07324251554671247,-0.12949717528068347,0.08241585371428731
-3.067209942726434e-14,-1.2432060479436653,1.1449745395226623,3.4656970717265256,0.6765218910307973,1.6216030239718335,0.9323427404870475,1.1666959391229714,-0.6765218910307651,1.6216030239718255,0.9323427404870713,1.1666959391229967,0.09177693338406051,-6.005486700987781e-15,-0.03212399920806476,-0.002210048220860114,-0.03287580676585418,-0.027670211535884087,0.016061999604031128,0.021434958881149838,0.009389105655954015,0.027670211535890055,0.016061999604033657,0.02143495888115514,0.009389105655955072
-3.675167445741011e-14,-1.2757263536537171,1.1427372264374882,3.432415683579132,0.6485103183626332,1.6378631768268581,0.954042137600791,1.1762008760487246,-0.648510318362595,1.6378631768268528,0.9540421376008204,1.176200876048751,0.08434733304628586,-1.3637355142616584e-14,-0.055810001265467535,-0.007768157372626441,-0.05800315104638802,-0.05117932744320519,0.027905000632731717,0.03944144787322086,0.015509038765562302,0.05117932744321886,0.0279050006327358,0.039441447873233754,0.01550903876556354
-4.382447054659821e-14,-1.304671318022537,1.1387083958826825,3.4023332771600554,0.6219669788952615,1.652335659011267,0.9744978135989824,1.1842443909078009,-0.6219669788952162,1.652335659011264,0.9744978135990183,1.1842443909078277,0.0951900432511644,-4.542938655386405e-14,0.088137118741758,0.11836391707577396,0.013790672342723444,0.03596251156359144,-0.044068559370872215,-0.09210742855448813,0.09022698915429556,-0.03596251156354606,-0.04406855937088584,-0.09210742855443843,0.0902269891543185
-5.775336361100073e-14,-1.2776480056891666,1.174999406365016,3.406561571110718,0.6329932774190746,1.6388240028445837,0.9462571830271518,1.2119084686950519,-0.6329932774190153,1.6388240028445764,0.9462571830272031,1.2119084686950858,0.08068310739690965,-2.1658612646518512e-14,-0.060693193211397954,-0.00984679489090012,-0.06371783095736781,-0.060114349611049264,0.030346596605696025,0.046326695365918685,0.016522995035856934,0.06011434961107097,0.030346596605701916,0.04632669536593936,0.0165229950358587
-6.723299101375779e-14,-1.3042124429833568,1.1706896221604348,3.3786732983831107,0.6066821906854827,1.6521062214916775,0.9665336346188254,1.2191403186327119,-0.6066821906854138,1.6521062214916729,0.9665336346188856,1.2191403186327467,0.08490387632202173,-6.379703217056861e-14,0.08619342706695862,0.1113837377797453,0.008219311360015396,0.030429779533521814,-0.0430967135334687,-0.08655580650390153,0.09311679135693282,-0.0304297795334581,-0.04309671353348997,-0.08655580650382724,0.0931167913569649
-8.525787686345574e-14,-1.279859794732849,1.2021594114387957,3.3809955404057694,0.6152796643274657,1.6399298973664265,0.942078601543147,1.2454490586758444,-0.6152796643273789,1.6399298973664158,0.9420786015432283,1.2454490586758884,0.08167310185134954,3.813894466116235e-14,-0.09370157331460506,-0.5591020329621398,-0.16884384739193758,0.12182884369838547,0.04685078665729954,0.2771595437537302,0.11934306148004613,-0.12182884369842355,0.04685078665730555,0.2771595437536998,0.11934306148003475
