0.0,0.0,1.0,1.0,3.0,0.0,1.0,1.0,0.0,3.0,1.0,1.0,3.0,3.0,1.0,1.0,0.5027027027027027,0.02120072998446471,0.0038509805689289755,0.25,0.25,-0.02105852780010998,0.013232721258371754,0.25,0.25,0.007252013724680091,-0.003708778384574252,-0.25,-0.25,-0.007394215909034816,-0.013374923442726483,-0.25,-0.25
0.007525707479388731,0.001366997895440684,1.0887434947393717,1.0887434947393717,2.992524770595808,0.004697271717519541,1.0887434947393717,1.0887434947393717,0.002574276167303995,2.998683480179756,0.9112565052606283,0.9112565052606283,2.997375245757499,2.9952522502072836,0.9112565052606283,0.9112565052606283,0.3266025735648641,0.02127235244404444,0.003887251485048163,0.22250161521047657,0.22250161521047657,-0.021115097841745277,0.013263459625896479,0.22250161521047657,0.22250161521047657,0.007277523115433544,-0.003729957621827737,-0.26583863569799604,-0.26583863569799604,-0.007434777717732712,-0.0134207534891169,-0.26583863569799604,-0.26583863569799604
0.012528775951117701,0.002281244939705454,1.141073899610976,1.141073899610976,2.9875586870106763,0.007816719689008506,1.141073899610976,1.141073899610976,0.004285885005436889,2.9978062272559085,0.8487336178495349,0.8487336178495349,2.9956266520327692,2.9920958081153772,0.8487336178495349,0.8487336178495349,0.27321867321867316,0.021320194588403958,0.003911562044651861,0.0,0.0,-0.021152845650533318,0.013283944745482867,0.0,0.0,0.007294570328272737,-0.0037441299473637214,0.0,0.0,-0.007461919266143381,-0.013451376842771008,0.0,0.0
0.09043625450607906,0.016574732498954255,1.141073899610976,1.141073899610976,2.9102627288494096,0.05635842675892848,1.141073899610976,1.141073899610976,0.03094143822100954,2.9841245639684693,0.8487336178495349,0.8487336178495349,2.9683595784235015,2.9429422767736475,0.8487336178495349,0.8487336178495349,0.27321867321867316,0.02208988372566314,0.0043172082125654395,0.0,0.0,-0.02175375070384704,0.013603271147904935,0.0,0.0,0.007569821363021339,-0.00397544716964083,0.0,0.0,-0.007905954384837436,-0.013945032190829546,0.0,0.0
0.16848401253742612,0.03182824972565648,1.141073899610976,1.141073899610976,2.833402592676052,0.10442136942408353,1.141073899610976,1.141073899610976,0.05768705596254771,2.9700785534681033,0.8487336178495349,0.8487336178495349,2.9404263388239738,2.8936718273821564,0.8487336178495349,0.8487336178495349,0.27321867321867316,0.022909051303914955,0.004771179923085088,0.0,0.0,-0.02238324064940579,0.013929508417047449,0.0,0.0,0.00786474848622445,-0.004227744906147946,0.0,0.0,-0.008390559140733611,-0.014472943433984593,0.0,0.0
0.24666942257195285,0.048111624086565115,1.141073899610976,1.141073899610976,2.7570117013702995,0.151960846843654,1.141073899610976,1.141073899610976,0.08452835013297892,2.955649847336913,0.8487336178495349,0.8487336178495349,2.9117905259247685,2.844277681732868,0.8487336178495349,0.8487336178495349,0.27321867321867316,0.023781689749454472,0.005281036228558816,0.0,0.0,-0.023042375305646803,0.014261150323707408,0.0,0.0,0.008181398106287803,-0.004503624247627412,0.0,0.0,-0.008920712550095484,-0.015038562304638814,0.0,0.0
0.3249880087855235,0.06550329370805873,1.141073899610976,1.141073899610976,2.6811278480380465,0.19892610216818743,1.141073899610976,1.141073899610976,0.11147157997431276,2.9408183745682703,0.8487336178495349,0.8487336178495349,2.882412563202117,2.794752229555483,0.8487336178495349,0.8487336178495349,0.27321867321867316,0.024712019633521324,0.005855849419963389,0.0,0.0,-0.023731950818540657,0.014596047687252993,0.0,0.0,0.008522090249593812,-0.004806095852224171,0.0,0.0,-0.00950215906457447,-0.015645801254992205,0.0,0.0
0.4034328550367489,0.08409186777977248,1.141073899610976,1.141073899610976,2.605794093014771,0.24525921187278515,1.141073899610976,1.141073899610976,0.13852376224360932,2.9255620962151663,0.8487336178495349,0.8487336178495349,2.8522492897048703,2.745086824132276,0.8487336178495349,0.8487336178495349,0.2687273322266663,0.09580118266919925,0.011106289451466198,0.0883569637808922,0.0011719668572885286,-0.09469253980258413,0.007875442891889418,0.08835696378089225,0.0011719668572885396,0.007871033463434643,-0.004549943066441386,-0.0009445499166793705,-0.0009445499166793705,-0.008979676330049768,-0.014431789276914237,-0.0009445499166793705,-0.0009445499166793705
0.47291421246593557,0.09214688386192184,1.205156216872302,1.1419238875321855,2.537116796758217,0.25097100422480634,1.205156216872302,1.1419238875321858,0.14423235658631592,2.922262176405476,0.8480485677432422,0.8480485677432422,2.845736634189531,2.7346199355077956,0.8480485677432422,0.8480485677432422,0.23161831425979473,0.18925860636554678,0.0203532483854368,0.1639237673540882,0.007480544977929944,-0.18787379503370938,-0.0010423454293618899,0.1639237673540882,0.00748054497793002,0.007938886101306133,-0.0046759415920927085,-0.008593401821762468,-0.008593401821762468,-0.009323697433143548,-0.014634961363982204,-0.008593401821762468,-0.008593401821762468
0.5346446695890018,0.0987855004664719,1.2586232125689645,1.1443638159977125,2.475838023382512,0.25063102254011416,1.2586232125689645,1.1443638159977128,0.1468217821215279,2.920737025092657,0.8452456588933536,0.8452456588933536,2.842695524906958,2.729846451900756,0.8452456588933536,0.8452456588933536,0.19787286705709753,0.08243667538708625,0.011971442005197685,0.4327770362764445,0.4106500345881483,-0.08079242548178454,0.007586277067870762,-0.12136722334754645,-0.19882294815075346,0.007974159826612108,-0.004774372972468177,-0.14273492481528338,-0.14273492481528338,-0.009618409731913819,-0.014783346100600272,-0.14273492481528338,-0.14273492481528338
0.5461148760055768,0.10045120217337486,1.318839638269485,1.201501499432695,2.464596597247598,0.251686574131602,1.2417362251029342,1.1166996696098008,0.14793130356669199,2.920072720725132,0.8253855778942345,0.8253855778942345,2.841357223180133,2.727789502969891,0.8253855778942345,0.8253855778942345,0.20786219702145103,0.08376754227879508,0.012234664197663444,-0.12298477960582384,-0.20118050380231312,-0.08207617648609136,0.007378845515417407,0.4316630235141453,0.41659463226651433,0.007985715214088966,-0.004796502374604578,-0.1346912809559897,-0.1346912809559897,-0.009677081006792685,-0.014817007338476277,-0.1346912809559897,-0.1346912809559897
0.5583975590955986,0.10224514883773553,1.3008066026604541,1.172002766333058,2.4525619160620837,0.25276852089249013,1.3050301928531018,1.1777841864278267,0.149102234532953,2.9193694182644756,0.8056360391831019,0.8056360391831019,2.839938290309364,2.7256169120052984,0.8056360391831019,0.8056360391831019,0.16414912538026283,-0.16602461468074245,-0.012032545024116156,0.23704978920274594,0.39955715129313424,0.16776676777560473,0.031705390779560985,-0.3339859691161162,-0.233259873522805,0.007997829498810324,-0.004820156762758465,-0.12168349087781333,-0.12168349087781333,-0.009739982593672598,-0.01485268899268636,-0.12168349087781333,-0.12168349087781333
0.5390937950657662,0.10084611887901208,1.328368498846093,1.2184594738509549,2.472068241093559,0.25645492235325656,1.266197479104661,1.1506629456119906,0.15003214612282628,2.9188089762546325,0.7914878395396423,0.7914878395396423,2.8388058177178483,2.7238899825130987,0.7914878395396423,0.7914878395396423,0.17882422649346125,0.12809332934705642,0.016545296690718712,-0.1876338509709623,-0.30606075327250365,-0.1264386192591245,0.003081957330242635,0.38868621908687406,0.3297562750985552,0.008003261691972016,-0.004799904612313351,-0.1957980223666591,-0.1957980223666591,-0.009657971779903907,-0.014827349408648,0.18990488021119217,0.18990488021119217
0.5542561396538994,0.1028045775358082,1.3061583719072265,1.1822312125536933,2.4571017637271972,0.2568197321312931,1.3122060762774792,1.1896960342094216,0.15097948828514846,2.9182408138991605,0.7683113236357209,0.7683113236357209,2.8376626083337544,2.722134876433738,0.8139667870961446,0.8139667870961446,0.16314496314496316,0.004821329843549962,0.004667201984393379,0.0,4.336808689942018e-17,-0.003102387549582873,0.015025152151877504,-1.3877787807814457e-17,5.377642775528102e-17,0.00801395339600237,-0.004826172171596957,2.949029909160572e-17,2.949029909160572e-17,-0.009732895689969458,-0.014866181964673927,3.122502256758253e-17,3.122502256758253e-17
0.5692976587548343,0.11736525064347604,1.3061583719072265,1.1822312125536936,2.447422977355014,0.3036949969276368,1.3122060762774792,1.1896960342094218,0.17598131080953652,2.9031841877692157,0.768311323635721,0.768311323635721,2.807298053080615,2.675755564659671,0.8139667870961447,0.8139667870961447,0.16314496314496307,0.004975011224330662,0.004808995466273448,5.551115123125783e-17,-5.724587470723463e-17,-0.003258527724552877,0.015377270672494893,0.0,-8.673617379884035e-18,0.008244319284387888,-0.0050061738159756725,0.0,0.0,-0.009960802784165675,-0.015180092322792675,-3.642919299551295e-17,-3.642919299551295e-17
0.5844466851598595,0.1320087551533628,1.3061583719072267,1.1822312125536933,2.437500683652571,0.3505191484623275,1.3122060762774792,1.1896960342094218,0.20108545729263405,2.8879402705383423,0.768311323635721,0.768311323635721,2.776967173894935,2.629531825845967,0.8139667870961446,0.8139667870961446,0.16314496314496318,0.0051379555194184575,0.004959607252050533,2.7755575615628914e-17,5.377642775528102e-17,-0.0034261559635517537,0.015743507422138626,2.7755575615628914e-17,1.0408340855860843e-17,0.00848682797803274,-0.005197285297098138,-6.938893903907228e-18,-6.938893903907228e-18,-0.010198627533899449,-0.015505829377091022,-1.5612511283791264e-17,-1.5612511283791264e-17
0.5997092364618689,0.1467415140953489,1.3061583719072267,1.1822312125536936,2.427323117699584,0.39728601687833776,1.3122060762774792,1.1896960342094218,0.22629600006913408,2.8725014771937247,0.768311323635721,0.768311323635721,2.7466716457694123,2.583470991832588,0.8139667870961446,0.8139667870961446,0.16654098872546613,-0.17393181019464218,-0.02482321960149517,0.239049744958581,0.3987500128394757,0.1756364026241202,0.046067537438393494,-0.34260962255729105,-0.24264000842961794,0.00874239112788255,-0.005400449527032629,-0.11667086005307092,-0.11667086005307092,-0.010446983557360555,-0.015843868309865696,-0.12360380770616927,-0.12360380770616927
0.5795170574757322,0.14385972442936057,1.3339102548514237,1.2285230991325122,2.447713187085389,0.40263411255080633,1.2724316680579144,1.1615273485967916,0.22731092612678547,2.871874525497348,0.7547667116063185,0.7547667116063185,2.7454588293120925,2.581631637522485,0.7996173118289236,0.7996173118289236,0.17073577734419654,-0.1728601619830541,-0.024241209933680764,-0.34383238665528215,-0.2344891592974652,0.17445189068472233,0.045429643669895645,0.23889023261830888,0.39496116410420495,0.00875087477022061,-0.005375464543793962,-0.1112913890847266,-0.1112913890847266,-0.010342603471888846,-0.015812969192420943,-0.11790467173657343,-0.11790467173657343
0.5586951632522307,0.14093974620361832,1.2924938781488946,1.2002776756905957,2.468726813205231,0.4081063464319632,1.3012072233827656,1.2091024491117095,0.22836501393243328,2.871227023187683,0.7413610922610357,0.7413610922610357,2.7442130096101045,2.579726884176735,0.785415088626123,0.785415088626123,0.1726825903685007,0.043312030327591455,0.011239821740039626,-0.05529129130652152,-0.08883081639864403,-0.0418367731597477,0.009888969719063504,-0.05590714898345145,-0.08961091568984345,0.00875882080095323,-0.00534942447007009,-0.05552385104688424,-0.05552385104688424,-0.010234077968796985,-0.01577936698903304,0.32820252666395516,0.32820252666395516
0.5662043008484241,0.14288842806785493,1.2829078598728731,1.1848768085856731,2.461473445402772,0.409820826998757,1.2915144320000402,1.1935663338350433,0.22988355716574044,2.8702995773001923,0.7317347543999819,0.7317347543999819,2.7424386965830627,2.5769911676331954,0.8423165525726882,0.8423165525726882,0.1631449631449631,0.005404815771009255,0.005111261108804067,-1.3877787807814457e-17,5.551115123125783e-17,-0.003894790404434228,0.016075675268575045,-5.551115123125783e-17,-3.2959746043559335e-17,0.008775438879370306,-0.005372505284669898,1.0408340855860843e-17,1.0408340855860843e-17,-0.010285464245945333,-0.015814431092709216,-1.9081958235744878e-17,-1.9081958235744878e-17
0.5818833835476518,0.15771592432631115,1.2829078598728731,1.1848768085856733,2.450174865870267,0.4564555047862758,1.29151443200004,1.1935663338350433,0.2553406379879369,2.8547142256010267,0.7317347543999819,0.7317347543999819,2.712601112594143,2.5311143452863862,0.8423165525726882,0.8423165525726882,0.16314496314496318,0.005591654623514789,0.005282243259777658,4.163336342344337e-17,3.2959746043559335e-17,-0.004096946390220548,0.01646636158008533,-5.551115123125783e-17,-3.642919299551295e-17,0.009045070403450383,-0.0055882151952658604,-5.204170427930421e-18,-5.204170427930421e-18,-0.010539778636744625,-0.016160389644597126,1.5612511283791264e-17,1.5612511283791264e-17
0.597693055366739,0.17265077599874462,1.2829078598728734,1.1848768085856733,2.4385912860087005,0.5030119876457159,1.2915144320000398,1.1935663338350433,0.28091439106948946,2.838914278315288,0.7317347543999819,0.7317347543999819,2.6828012675550696,2.4854229580402514,0.8423165525726882,0.8423165525726882,0.16144289660478695,0.005398163016125541,0.004937950259859024,-0.00030410582837499256,-0.0004880251505354864,0.0019020749505811643,0.06941614664410208,0.001030366020757928,0.06233451114305193,0.008353369354680666,-0.005209244524175332,-0.0003072255103883908,-0.0003072255103883908,-0.015653607321387365,-0.06914485237978578,0.0016789763918481793,0.062190905635430546
0.6009631282545742,0.1756420634456053,1.2827236401260018,1.1845811750880222,2.4397435157038663,0.5450625627100079,1.292138602107345,1.2313270302527775,0.2859746544530174,2.8357586475509478,0.7315486448273418,0.7315486448273418,2.6733187015885407,2.443536726293439,0.8433336347100555,0.8799902563457739,0.1480718663590524,-0.16534018021547914,-0.03395155762844911,0.2399973053216472,0.3840049473322016,0.18670208217444817,0.22207475479168645,-0.33680799088526037,-0.06673834292612522,0.008488498294133538,-0.005323241278782342,-0.1136882792098897,-0.1136882792098897,-0.02985040025310258,-0.18279995588445505,-0.11655971483525199,0.03711084870368793
0.5838362007884099,0.17212515748779197,1.3075840003539987,1.224358710536669,2.459083237089293,0.5680663976666808,1.2572500104631446,1.224413872440695,0.2868539440146401,2.8352072342940624,0.7197721310407763,0.7197721310407763,2.6702266181076557,2.4246012105514647,0.831259680400471,0.8838344206204681,0.1397698495445649,0.008236342915000189,0.005632126499467289,-0.0043508016694793344,-0.006781264479867941,0.008599014038521348,0.15014651314544614,0.004291168701722997,0.13423276419254063,0.00852896241745461,-0.005331336073386621,-0.004086813336377027,-0.004086813336377027,-0.02536431937097613,-0.15044730357152683,0.01459492673202866,0.13169979685049626
0.5858488561394917,0.17350143937091728,1.3065208265216386,1.2227016221439977,2.461184515751105,0.604756611545232,1.258298612219901,1.2572153589658106,0.28893810467014197,2.8339044543846716,0.718773466121744,0.718773466121744,2.66402852343926,2.387837494699179,0.8348261367378299,0.9160169442966966,0.11853563663659132,0.26897377879890716,0.06973881335832968,0.19289868958694498,0.012581248203078542,-0.24622805191581834,0.12748129704924224,0.20802500883484487,0.18839559787136367,0.008639854308264342,-0.005425477805305341,-0.0268519958923017,-0.0268519958923017,-0.03138558119135314,-0.1917946326022666,0.005104608944687734,0.13916614751921347
0.6136443027887062,0.18070816961331093,1.3264547593349405,1.2240017541299881,2.435739586839715,0.6179303848651735,1.2797956817877647,1.2766839473648879,0.2898309374605899,2.833343791633242,0.715998611180187,0.715998611180187,2.6607851729109875,2.368017653888274,0.8353536412634411,0.9303982168728572,0.11899146200660214,-0.17507376262864618,-0.041852135249851805,-0.33771039191838714,-0.2389505175442521,0.157409226943023,-0.07637704799893219,0.2560300372825686,0.2660441111633345,0.008725292576752999,-0.005538517212409662,-0.10296824034716717,-0.10296824034716717,0.00893924310887023,0.12376770046119366,-0.16640219703339787,-0.23634987319802767
0.5987754918776607,0.17715371647361625,1.2977734087731174,1.2037079647630564,2.4491081692927814,0.6114437710654301,1.301540014889106,1.2992787641066488,0.2905719664047297,2.8328734118120598,0.7072536383608583,0.7072536383608583,2.6615443724248267,2.3785291006488936,0.8212212963265231,0.9103252972036476,0.11473799785540136,0.05153279054288557,0.016671689487763583,-0.06417662795855972,-0.10162458434220856,-0.04716910897416371,0.02715873628109392,-0.06916285013948743,-0.07230402758201426,0.008683642469858002,-0.005480258206010852,-0.061960468860566095,-0.061960468860566095,-0.013047324038579906,-0.038350167562846676,0.36924093508713285,0.35536172721234194
0.6041516333490686,0.17889298501136433,1.2910782031103074,1.1931060133328875,2.4441872674698084,0.6142770973202991,1.2943246232326764,1.2917356701437863,0.2914778845572938,2.8323016856721597,0.7007896327690796,0.7007896327690796,2.6601832146238276,2.3745282319961767,0.8597422357740271,0.947398292841785,0.10938423000382316,-0.1681895339672869,-0.03925122232144405,0.24196071183426343,0.3843473837963799,0.17613645782106868,0.10986899347029662,-0.3454036546674276,-0.17589763533091354,0.00870298455953297,-0.005503985618145384,-0.10536734290727973,-0.10536734290727973,-0.01664990841331472,-0.06511378553070718,-0.1272230384971935,-0.0755475475231276
0.59084896049106,0.17578847453736127,1.3102156852002937,1.2235053336108614,2.458118489118938,0.6229670035403754,1.2670054927635053,1.277823337764296,0.2921662327187572,2.831866357038051,0.6924557771506569,0.6924557771506569,2.658866317671243,2.3693781648842123,0.8496797400811668,0.9414229845915076,0.10910755309593326,-0.1674263535322272,-0.038794825172969276,-0.33554091653783313,-0.2343163203674073,0.15109169156944377,-0.08224334437321379,0.25996603803974594,0.2631307038213983,0.008706856431618927,-0.005486255725458031,-0.10159719075394688,-0.10159719075394688,0.007627805531164551,0.1265244252716411,-0.17140649819366685,-0.24324078736817328
0.5777848074674997,0.1727613433725869,1.2840336786831887,1.2052218065518543,2.469908060698372,0.6165496169498336,1.2872904480900047,1.298355229592533,0.2928456222077897,2.83143826861104,0.6845282244161471,0.6845282244161471,2.6594615096263365,2.3792507710665394,0.8363050193493816,0.92244308805367,0.11108691706666189,0.26420455877308785,0.06884856882580445,0.20204234125297527,0.027981663386786267,-0.2629249658739293,-0.04799232936562031,0.2025156708053399,0.028191206270120436,0.008668525481195047,-0.005433992424418982,-0.017968525904951523,-0.017968525904951523,-0.009948118380353527,-0.015422247035765158,-0.021671961307055697,-0.012828140584268302
0.6083103925344139,0.18071594814620243,1.3073771845775481,1.2084547433716943,2.4395303168423577,0.6110046939575402,1.3106886413886334,1.3016123765135919,0.2938471636392084,2.830810437665295,0.6824521823955788,0.6824521823955788,2.658312126984018,2.377468920230962,0.8338010909481554,0.9209609542915811,0.10909090909090911,0.00548616187903294,0.005078708426907899,0.0,1.0408340855860843e-17,-0.005353900843344243,0.005790696858599795,2.7755575615628914e-17,4.5102810375396984e-17,0.008706401384278632,-0.005511168716502189,3.2959746043559335e-17,3.2959746043559335e-17,-0.0088386624199673,-0.005358236569005507,-2.2551405187698492e-17,3.469446951953614e-18
0.6247560426609685,0.19594019120088146,1.3073771845775481,1.2084547433716943,2.4234811403828718,0.6283632365279717,1.3106886413886334,1.301612376513592,0.3199459981585494,2.8142898255327227,0.6824521823955789,0.6824521823955789,2.6318168187976085,2.361406746738424,0.8338010909481552,0.9209609542915811,0.11141329875055646,0.04708574645496086,0.016013177702642885,-0.05497188845833026,-0.08758646056542495,-0.06780575043485955,-0.16905556755572332,-0.0776336358890515,-0.24628600731551553,0.008853022861474049,-0.005640905125513946,-0.051896195555210585,-0.051896195555210585,0.01186698111842462,0.1586832949785944,0.33504573875501453,0.19768129422645503
0.6295838898026364,0.19758207181277052,1.3017407469175974,1.1994742328111563,2.4165288071807485,0.6110294465797199,1.3027286247096421,1.2763599108318948,0.3208537259601628,2.8137114460922974,0.6771311050369707,0.6771311050369707,2.6330335770564504,2.3776770355152124,0.8681543662800782,0.9412298284869872,0.11102837171003103,-0.1772114544710831,-0.04148367824452165,0.24217894233969747,0.3877909930712386,0.18486261490157807,0.11214024528512583,-0.352218277353507,-0.18518271955514115,0.008812533998799367,-0.005613899307799138,-0.10273503183669495,-0.10273503183669495,-0.01646369442929437,-0.06504266773280505,-0.12873385714156482,-0.07794263737669564
0.6156099331550463,0.19431088867677232,1.3208376955393153,1.2300533764769945,2.431106093813291,0.6198722323394867,1.2749545569840715,1.2617573824418995,0.3215486357131592,2.8132687637285345,0.6690299645922991,0.6690299645922991,2.631735337318501,2.372548115255207,0.858003096182203,0.9350836849493046,0.12105623386197627,-0.17787993625880377,-0.041421303466459336,-0.3434422137871706,-0.2398212581444953,0.1621023020002488,-0.08003730947113907,0.25554413336998705,0.26694873310671247,0.008816545939131231,-0.005594367703106506,-0.09731975995018455,-0.09731975995018455,0.006961088319423627,0.12705298064070497,-0.16700307591807143,-0.24470666668291602
0.600399959812808,0.1907690787639951,1.2914709944589755,1.2095469887415464,2.4449669695477643,0.6130284849835774,1.296805360048605,1.2845833582078787,0.3223025117911768,2.8127904063296025,0.6607084473619258,0.6607084473619258,2.6323305588482486,2.3834120299228254,0.8437231701477684,0.9141595607608413,0.1094031668094463,0.012482917570906603,0.006849372654587427,-0.009746288242158632,-0.015286561462080944,0.00880518603480873,0.1960196205928236,0.006079585108552735,0.16821598877705676,0.008772453144584436,-0.0055326366262695515,-0.008724803394076549,-0.008724803394076549,-0.030060556750299804,-0.19733635662114146,0.032269039728916905,0.16251584821770587
0.6022589256915133,0.19178909271370592,1.2900195695670555,1.20727050201484,2.4462782447605806,0.6422198806784499,1.297710736632988,1.309634215238132,0.323608912396299,2.8119664817423344,0.659409142795035,0.659409142795035,2.6278539171516044,2.3540245448655104,0.8485287008623548,0.938361548386689,0.10909090909090911,0.005631258059673191,0.005190640450370122,2.7755575615628914e-17,1.3877787807814457e-17,-0.005538614776477275,0.005799237574460272,4.163336342344337e-17,2.0816681711721685e-17,0.008863653952849434,-0.005611857846554346,1.5612511283791264e-17,1.5612511283791264e-17,-0.008956297236045385,-0.005378020178276049,1.734723475976807e-18,1.1275702593849246e-17
0.6188644023277556,0.2070952743541825,1.2900195695670555,1.20727050201484,2.4299459550140727,0.6593206959901012,1.2977107366329883,1.309634215238132,0.3497460911698679,2.795418212533326,0.659409142795035,0.659409142795035,2.601443551488301,2.338165817122391,0.8485287008623548,0.938361548386689,0.11134596625912564,0.04685856136847307,0.016127796240794443,-0.05610875207237563,-0.08790461125664586,-0.06641780476655945,-0.18304858576887711,-0.08326959204752596,-0.2593398351641625,0.009014904683650819,-0.005746499956153117,-0.0506894161744144,-0.0506894161744144,0.010544338714435525,0.17266728948423576,0.33586779006904566,0.19716644472414135
0.6235325777532915,0.2087019686247834,1.284429865360772,1.1985132091301367,2.4233292353586995,0.6410849054576953,1.2894151967798977,1.2837980860438116,0.350644180126907,2.794845730811849,0.6543593273502236,0.6543593273502236,2.6024940067610993,2.3553673951056733,0.8819887499556298,0.9580037978523495,0.10909090909090925,0.0056728985333034864,0.005295618801355258,0.0,7.632783294297951e-17,-0.005574925527238932,0.005971148498333254,-1.3877787807814457e-17,6.938893903907228e-18,0.008971134223047397,-0.005715943334625054,1.734723475976807e-18,1.734723475976807e-18,-0.009069107229111981,-0.005550823965063461,-2.6020852139652106e-17,2.2551405187698492e-17
0.6399978760447307,0.224072231761024,1.284429865360772,1.198513209130137,2.4071482987141137,0.658415859041715,1.2894151967798977,1.2837980860438116,0.37668243907475335,2.7782554971827698,0.6543593273502236,0.6543593273502236,2.5761713861663997,2.339256412014492,0.8819887499556297,0.9580037978523496,0.11781623386683131,-0.1825175494518992,-0.044183478174782125,-0.3462225101655979,-0.244802030382966,0.16657525778396193,-0.09595117110448291,0.26187409223000935,0.2613285880650962,0.009126348599645003,-0.00585535265541238,-0.09758998956196575,-0.09758998956196575,0.006815943068292264,0.14599000193467743,-0.18656367579908956,-0.2658264241801727
0.6252967430487476,0.22051341130335744,1.2565428858158876,1.1787952849241958,2.420565337381771,0.6506873368707602,1.3105082142438993,1.3048471651068083,0.3774175336721441,2.7777838695591024,0.6464988042392383,0.6464988042392383,2.576720385897335,2.3510153822667808,0.8669617160162731,0.9365924342467407,0.12450287145260634,-0.17927304850904424,-0.041810560199172724,0.24651255110507192,0.38700469224571565,0.18558594261852981,0.11818470374136955,-0.35876757571761614,-0.1786482800757567,0.009077143363017704,-0.00578718058184793,-0.09821739581012728,-0.09821739581012728,-0.015390037472503254,-0.0705869629603489,-0.12375061343535244,-0.07419333797908
0.6094969547661249,0.21682854062916096,1.2782686619370698,1.21290298963897,2.436921497027574,0.6611032544494916,1.2788891181993414,1.2891024392502095,0.3782175253303406,2.7772738306619735,0.6378426561323338,0.6378426561323338,2.575364022875958,2.344794374259375,0.8560552607047565,0.9300535872655593,0.10909090909090917,0.005791503715260138,0.005380223804529745,4.163336342344337e-17,3.9898639947466563e-17,-0.005736273457426025,0.005973594122587863,1.3877787807814457e-17,-3.469446951953614e-18,0.00908205086751173,-0.005764565695147673,1.214306433183765e-17,1.214306433183765e-17,-0.009137281125345814,-0.005589252231969888,2.0816681711721685e-17,-2.688821387764051e-17
0.6261113081083773,0.23226303635663892,1.27826866193707,1.2129029896389703,2.420465585268709,0.6782399789264817,1.2788891181993414,1.2891024392502095,0.40427162278132933,2.760736755658214,0.6378426561323338,0.6378426561323338,2.549151483841582,2.3287602290586666,0.8560552607047566,0.9300535872655592,0.10909090909090914,0.00589122941186693,0.005510119682853892,4.163336342344337e-17,6.938893903907228e-18,-0.005846846939781206,0.006086302784021226,2.7755575615628914e-17,-1.0408340855860843e-17,0.009240361723749856,-0.005907284509468933,-2.6020852139652106e-17,-2.6020852139652106e-17,-0.009284744195835635,-0.005689137957406192,-3.2959746043559335e-17,4.336808689942018e-17
0.6427019107361269,0.24778037572648717,1.2782686619370702,1.2129029896389703,2.4039999704671895,0.6953799379914714,1.2788891181993414,1.2891024392502095,0.43029389398784473,2.7441009394212426,0.6378426561323337,0.6378426561323337,2.5230042248088367,2.3127387468608003,0.8560552607047565,0.9300535872655593,0.11804649251840561,-0.14354001391287796,-0.033951287613322244,-0.4142322241257045,-0.33749738452481415,0.11636720929955292,-0.30120853268874404,0.1820693642764259,-0.010391194004305434,0.009404121268631672,-0.006056376130662358,-0.1478241778052557,-0.1478241778052557,0.01776868334469337,0.34121619643272877,0.14523561459434114,-0.06658293207889554
0.6320353444762463,0.24525743004002815,1.2474867541946317,1.1878233054698206,2.4126473052042785,0.6729969056621311,1.2924188294276513,1.2883302618179746,0.43099272130361116,2.743650885561476,0.6268577304353837,0.6268577304353837,2.5243246290158616,2.3380947787363664,0.8668478283249971,0.925105759566255,0.1091940413719779,-0.18003973357445527,-0.04131123931184549,0.25215829231184145,0.3892880470295014,0.18485669505205854,0.1217785805087532,-0.36546986216356114,-0.1819863313016167,0.009312438675289391,-0.00595518167363234,-0.09959989515443875,-0.09959989515443875,-0.014129400152892657,-0.07451215952327542,-0.12735170988107944,-0.07703995875051091
0.6183088274886881,0.24210779514037073,1.266711705344322,1.2175032482497514,2.4267410750322957,0.6822814992398195,1.264554823122876,1.274455333109074,0.4317027165093033,2.7431968529944184,0.6192640752701974,0.6192640752701974,2.5232473809697105,2.332413852625393,0.8571383304582149,0.9192321100028249,0.10909090909090914,0.005964659119906318,0.0055857091636057525,1.3877787807814457e-17,-3.122502256758253e-17,-0.005951204627618222,0.0061543396398708,0.0,-6.938893903907228e-17,0.009317513769735546,-0.005935399802903411,-2.6020852139652106e-17,-2.6020852139652106e-17,-0.009330968262023644,-0.005804649000573148,-1.3877787807814457e-17,6.071532165918825e-18
0.6349358745991726,0.25767848368127705,1.266711705344322,1.2175032482497514,2.4101515335818373,0.6994372986021913,1.264554823122876,1.2744553331090738,0.4576761606387331,2.726651368976216,0.6192640752701973,0.6192640752701973,2.4972364311802546,2.316232848740317,0.8571383304582149,0.9192321100028249,0.11237996421252354,-0.18441304628189387,-0.04311502041566726,-0.3596336745527664,-0.24598177861890588,0.17547924496858827,-0.10172713076533009,0.2684515726770159,0.261282434125013,0.009483559026575357,-0.006087222066933124,-0.0962170887798103,-0.0962170887798103,-0.0005497577132698005,0.15092937324793043,-0.19047516810831772,-0.27096524128691785
0.6210679314120856,0.25443621494980895,1.2396670928973406,1.1990053089785182,2.4233476509325445,0.6917873730764099,1.2847425009115625,1.294103888486716,0.45838932849992065,2.7261936071665533,0.612028507354977,0.612028507354977,2.4971950891554466,2.3275828048072293,0.842814513010727,0.8988554032155067,0.11645094060577434,0.04730999227931547,0.015936898181583895,-0.057895213255845124,-0.08767088309255994,-0.05625594916404474,-0.19216812285129725,-0.08459350789293875,-0.2716941886312996,0.009432284161752288,-0.006015612702382012,-0.048425717525687376,-0.048425717525687376,-0.00048632727702306935,0.1822468373720954,0.3367149684945396,0.20363411449165167
0.6258816392349887,0.25605776607999253,1.2337763576101113,1.1900849520845267,2.417623707859863,0.6722346073346508,1.2761352614872372,1.2664594865698802,0.45934904668776577,2.7255815292411536,0.6071012764666935,0.6071012764666935,2.49714560621738,2.346126097344205,0.8770746639818229,0.9195748132748268,0.109090909090909,0.005991273805975782,0.005669942033847328,1.3877787807814457e-17,2.2551405187698492e-17,-0.005990896767668234,0.006318649280147772,-6.938893903907228e-17,-6.245004513516506e-17,0.009380564257094734,-0.005976001227608722,6.938893903907228e-18,6.938893903907228e-18,-0.009380941295402307,-0.006012590086386394,1.734723475976807e-18,-6.938893903907228e-18
0.6423932521203656,0.2716838067146294,1.2337763576101113,1.1900849520845267,2.4011131340708083,0.6896484485729203,1.276135261487237,1.26645948656988,0.4852013530045064,2.709112006720852,0.6071012764666935,0.6071012764666935,2.4712922608043173,2.3295557379916003,0.8770746639818229,0.9195748132748268,0.10909090909090897,0.006099139107032002,0.005811786005861518,-2.7755575615628914e-17,-2.7755575615628914e-17,-0.006111439511737998,0.006444054344849541,4.163336342344337e-17,2.0816681711721685e-17,0.00954891902103486,-0.006130991702532363,-1.0408340855860843e-17,-1.0408340855860843e-17,-0.00953661861632886,-0.006124848648178656,-3.469446951953614e-18,-2.42861286636753e-17
0.6588819084833131,0.28739562122221335,1.2337763576101113,1.1900849520845267,2.3845912243022958,0.7070695625714316,1.2761352614872372,1.26645948656988,0.5110162822285221,2.692537238778507,0.6071012764666935,0.6071012764666935,2.4455105849858665,2.3129975774278506,0.8770746639818229,0.9195748132748267,0.10909090909090906,0.006210994852475907,0.005960056298425711,0.0,-6.938893903907228e-18,-0.006236860541296668,0.0065743499796845056,-2.7755575615628914e-17,-3.469446951953614e-18,0.009723211170631376,-0.006293222314721598,-2.0816681711721685e-17,-2.0816681711721685e-17,-0.009697345481810643,-0.006241183963388651,-1.5612511283791264e-17,2.6020852139652106e-17
0.6753471110409455,0.3031955915231633,1.2337763576101113,1.1900849520845267,2.3680574524066036,0.7244980111004334,1.2761352614872372,1.26645948656988,0.5367922883656486,2.6758540531354216,0.6071012764666935,0.6071012764666935,2.4198031481867996,2.296452344240984,0.8770746639818229,0.9195748132748268,0.11900876938760198,-0.19591946372914412,-0.04637593589082524,-0.3678485754445184,-0.25303389712103486,0.19016067824513,-0.11103560511474812,0.26996535155070805,0.26390630998536,0.009903746324844195,-0.0064631841893085865,-0.09622511595019766,-0.09622511595019766,-0.004144960840830138,0.1638747251948819,-0.19940346954285848,-0.2875188851822552
0.6602821804278511,0.29962958412903085,1.2054911981894094,1.1706282935661103,2.382679569926598,0.7159600963124001,1.2968938385659985,1.2867521628186451,0.5375538219486505,2.67535707637008,0.5997021918253086,0.5997021918253086,2.4194844276968976,2.3090532431884916,0.8617418360151926,0.8974664837970926,0.12635961722131542,-0.19237517281443547,-0.04367306421094092,0.2589493021790589,0.39289513864285597,0.1940174522716182,0.1288669442572515,-0.3787334356922435,-0.1859975302705687,0.009841754896392505,-0.006374573344115779,-0.09666228103354273,-0.09666228103354273,-0.011484034353575283,-0.0788193067021948,-0.12202922436948327,-0.07568667457747869
0.6437179548348729,0.2958691691163075,1.2277877065989204,1.2044580420500393,2.3993852019548116,0.7270560246742884,1.2642834659455078,1.2707370762247512,0.538401234044243,2.6748082016406327,0.5913792060369298,0.5913792060369298,2.4184956091660696,2.302266604568774,0.8512346610413095,0.8909495765801048,0.11480855459348853,0.04939599102088508,0.0167689940170966,-0.0600934299031218,-0.08965917127272305,-0.05197984619392823,-0.2033702775305477,-0.08762153535492558,-0.2824613689016415,0.00984784385116788,-0.006347915105240953,-0.04842154836584655,-0.04842154836584655,-0.0072639886781247515,0.19294919861869206,0.3391822991588807,0.20914160407487883
0.6485330391123171,0.29750379811699174,1.2219298439763875,1.195718133061445,2.394318245406728,0.7072316420554084,1.255742184182892,1.2432029531456417,0.5393611945008403,2.674189411621725,0.5866591097010286,0.5866591097010286,2.4177875209801116,2.321075148205878,0.884297897998672,0.9113365437960192,0.10971017408791063,0.03164633954230912,0.012181092047562493,-0.03553914231598812,-0.05325840875314593,-0.031403821820780276,0.021836635010048462,-0.03536868466584411,-0.035186521514575894,0.009790521897179274,-0.006301474135303878,0.2836227982556694,0.2836227982556694,-0.010033039618708064,-0.0277162529223071,-0.03874487060476671,-0.02418139062142872
0.6527045859284412,0.29910948131709736,1.2172451569598106,1.1886977335877873,2.3901786667121536,0.7101100964538783,1.2510799664969872,1.2385647477823207,0.540651758308189,2.673358765968983,0.6240456067858448,0.6240456067858448,2.416464989051213,2.317421656260044,0.8791906393409568,0.9081490091706825,0.11316203721366812,-0.18543822559039508,-0.04083101445800071,-0.3618815876253768,-0.2426214672226703,0.18271022972547082,-0.10763090001596427,0.2678983402455123,0.2663049587956002,0.009813985071634432,-0.006329817865539467,-0.09978704636233697,-0.09978704636233697,-0.007085989206710144,0.15479173233950444,-0.18834523709608825,-0.2835618957359682
0.63884940487231,0.29605875595440595,1.1902068540345832,1.170570056051121,2.4038300231441623,0.7020683585532501,1.2710962279604534,1.2584619583413161,0.5413850188838699,2.6728858280280585,0.6165899293493026,0.6165899293493026,2.4159355530996542,2.328987057464288,0.8651182583487531,0.8869624313033999,0.1131080707927354,-0.18100994671632467,-0.03820747512991117,0.26275940991632557,0.3923146096460862,0.1814539024690898,0.12128034411698099,-0.37012795368921536,-0.1820887246235441,0.009757295219119893,-0.006249747308678661,-0.10150371884493184,-0.10150371884493184,-0.010201250971885028,-0.07682312167839118,-0.12741299051860505,-0.07992363626208832
0.6247122105550715,0.2930746851335404,1.2107288248105406,1.2012105151566652,2.418001891184359,0.7115405661459652,1.2421885855989723,1.2442405095774234,0.5421470807540916,2.672397711801634,0.608662310877142,0.608662310877142,2.4151388175064747,2.322987036918863,0.8551670803158415,0.8807202551309038,0.10909090909090897,0.006310737110187507,0.006006584426166544,-1.3877787807814457e-17,-3.469446951953614e-18,-0.0064100488271372205,0.006561339538860944,0.0,-2.42861286636753e-17,0.00976287344004895,-0.006228549915455766,-1.734723475976807e-17,-1.734723475976807e-17,-0.009663561723099184,-0.006339374049571718,2.7755575615628914e-17,-1.734723475976807e-18
0.6413561583786275,0.30891646019742497,1.2107288248105406,1.2012105151566652,2.4010960184847834,0.728845453202842,1.2421885855989723,1.2442405095774234,0.5678956982780002,2.655970524612691,0.608662310877142,0.608662310877142,2.389652124858586,2.3062675619870445,0.8551670803158417,0.8807202551309038,0.10909090909090909,0.006430379549549772,0.006163365176260013,4.163336342344337e-17,-4.163336342344337e-17,-0.006545308018661282,0.006698062072384072,-1.3877787807814457e-17,-2.7755575615628914e-17,0.0099434820399346,-0.006398762987772511,0.0,0.0,-0.009828553570823089,-0.006462664260871565,1.734723475976807e-18,-5.204170427930421e-18
0.6579789969080355,0.3248490538076917,1.2107288248105406,1.2012105151566652,2.384176084368754,0.7461602638499037,1.2421885855989723,1.2442405095774234,0.5936000746831962,2.6394294164068555,0.608662310877142,0.608662310877142,2.3642448440400115,2.2895612659355518,0.8551670803158417,0.8807202551309038,0.11390247709628216,-0.1462238234053131,-0.03118261788545821,-0.4346301556941125,-0.33772842616579174,0.1509654611353859,-0.3250201885863606,0.18408108853020028,-0.019822321190490103,0.010130596557562467,-0.0065773325137245256,-0.15085798491670604,-0.15085798491670604,-0.014872234287635334,0.3627801389855434,0.14681864901348066,-0.07235260060274754
0.6479704394589805,0.3227147024055029,1.1809797676387925,1.1780940743692438,2.394509191898082,0.7239136616628412,1.2547883529072874,1.2428837344925678,0.5942934819220325,2.6389792188344483,0.5983365597544786,0.5983365597544786,2.363226886720902,2.3143924170972103,0.8652163516932626,0.8757679488455327,0.10909090909090909,0.006477943137340817,0.00626743614387821,-4.163336342344337e-17,-1.734723475976807e-17,-0.006620515336952108,0.006862988270344289,-5.551115123125783e-17,-9.020562075079397e-17,0.010025165289546674,-0.006454409463411289,-2.0816681711721685e-17,-2.0816681711721685e-17,-0.009882593089935434,-0.00667601495081118,-5.898059818321144e-17,-2.2551405187698492e-17
0.6645067976973096,0.33871369577634713,1.1809797676387925,1.1780940743692438,2.377608887123389,0.741432931316457,1.2547883529072872,1.2428837344925676,0.6198848959112664,2.622502935415319,0.5983365597544786,0.5983365597544786,2.3379994192680322,2.2973504374918794,0.8652163516932625,0.8757679488455326,0.10909090909090903,0.006604941669052309,0.0064360119734234245,1.3877787807814457e-17,-3.469446951953614e-17,-0.0067651845273447465,0.007011555993385135,0.0,0.0,0.010215150242761668,-0.006637371153032928,5.204170427930421e-18,5.204170427930421e-18,-0.01005490738446923,-0.006810196813775588,1.734723475976807e-17,3.469446951953614e-18
0.6810221354606733,0.3548066329915507,1.1809797676387925,1.1780940743692438,2.360692869829233,0.7589649885668743,1.2547883529072872,1.2428837344925676,0.6454273859158635,2.605906509292925,0.5983365597544786,0.5983365597544786,2.3128576087942276,2.280321869148652,0.8652163516932625,0.8757679488455326,0.10909090909090911,0.006737046714572441,0.006612801451924375,2.7755575615628914e-17,3.122502256758253e-17,-0.006916211753848434,0.007166446014247316,4.163336342344337e-17,6.938893903907228e-18,0.01041210840115147,-0.006829645898175807,2.6020852139652106e-17,2.6020852139652106e-17,-0.010232943361875474,-0.006949601567995851,1.0408340855860843e-17,2.0816681711721685e-17
0.6975160279829858,0.37099634356361927,1.1809797676387925,1.1780940743692438,2.343760338682791,0.7765101526920205,1.2547883529072872,1.2428837344925676,0.6709187034285934,2.5891859119477556,0.5983365597544787,0.5983365597544787,2.2878049299056267,2.263307591796607,0.8652163516932625,0.8757679488455326,0.12302694274737701,-0.3632864583546134,-0.08551734448186715,-0.1733816584340182,0.054460389134373025,0.37503134852433906,-0.21946375940665264,-0.20851437164324887,-0.22623754169093116,0.010616402547017777,-0.007031921924480123,-0.2554630502927381,-0.2554630502927381,-0.02236129271674351,0.3120130258129999,0.010645524476458432,-0.16214707833595443
0.6710087027317606,0.36475654019999043,1.168328913451926,1.1820677959734882,2.3711246340098593,0.7604969016674797,1.2395740278434355,1.2263762320417457,0.6716933330048961,2.5886728252710935,0.5796966077054824,0.5796966077054824,2.2861733302534812,2.2860737328614382,0.8659931061614732,0.8639368297791797,0.10909090909090903,0.006817649448579569,0.006701391391706245,1.3877787807814457e-17,-4.5102810375396984e-17,-0.007053586629493938,0.007252473964499178,0.0,1.734723475976807e-17,0.01048346169319893,-0.0068393231656577015,3.469446951953614e-18,3.469446951953614e-18,-0.010247524512284506,-0.007114542190547732,1.734723475976807e-17,-3.469446951953614e-18
0.6875396323022789,0.3810055758766273,1.168328913451926,1.1820677959734882,2.3540216215022265,0.7780821614000891,1.2395740278434355,1.2263762320417457,0.6971128515959559,2.5720893428825913,0.5796966077054824,0.5796966077054824,2.2613258945995365,2.268822919840694,0.8659931061614732,0.8639368297791797,0.1093471592263978,-0.1992213455369935,-0.04222906812207368,-0.3868214506767946,-0.2521030680851876,0.20987297986901424,-0.12173052792957172,0.27465555782772766,0.2713689548066246,0.010689509293097341,-0.007044879005787702,-0.09942485291303595,-0.09942485291303595,-0.021341143625118075,0.1710044750574331,-0.2026479797762143,-0.3037471584792393
0.6739832317392197,0.37813201751708275,1.1420069020348083,1.1649129566417542,2.368302833060146,0.7697987729262395,1.2582634948217204,1.2448420557807696,0.6978402398655671,2.5716099605078595,0.5729310518942851,0.5729310518942851,2.259873695335065,2.28045924904882,0.8522035336649308,0.8432677687448994,0.11944023484524736,-0.1500506030489794,-0.02918865644657505,0.2147075869857208,0.3097618108059223,0.15929874857425935,-0.09217322616464542,-0.48492457627103686,-0.4925134445696983,0.010620725919417422,-0.0069440597301840944,-0.15035767027741698,-0.15035767027741698,-0.019868871444697428,0.12830594234140455,0.21603141204034826,0.14167343557025633
0.6640017598037518,0.3761903675054503,1.1562894021399925,1.1855185307508418,2.378899498158054,0.7636673449181586,1.2260059700233157,1.212079714111217,0.6985467380438141,2.571148036757427,0.5629291536302274,0.5629291536302274,2.258552003994378,2.288994250818966,0.8665740955463541,0.852691985591827,0.1133843553600389,0.03246195553606392,0.012505656530943987,-0.03721515015844343,-0.05310973611719258,-0.034450956102396534,0.023712870887354378,-0.03581429552964917,-0.035968669685686766,0.010570997302391692,-0.006871199779724163,0.2902353623550519,0.2902353623550519,-0.008581996736059047,-0.0293473276385742,-0.03740710380276305,-0.024587103259715373
0.6683237554474752,0.37785537480880255,1.1513345645706226,1.1784474826778815,2.3743126863120687,0.7668244844984117,1.2212376427088936,1.2072908333699024,0.6999541641688358,2.5702332029150194,0.6015711870825701,0.6015711870825701,2.257409394071618,2.285086937777768,0.8615937012044224,0.8494184504204103,0.10909090909090892,0.0069244299045618345,0.006828940648438826,-9.71445146547012e-17,-4.163336342344337e-17,-0.007214240610755273,0.007373280563964842,1.3877787807814457e-17,-3.469446951953614e-17,0.010600495333602855,-0.006908141925370416,-3.642919299551295e-17,-3.642919299551295e-17,-0.010310684627409418,-0.007294079287033295,-3.122502256758253e-17,-3.469446951953614e-17
0.6848772901789738,0.39418063302663814,1.1513345645706223,1.1784474826778815,2.35706633041599,0.7844510411367085,1.2212376427088936,1.2072908333699024,0.7252956969873398,2.553718606209173,0.60157118708257,0.60157118708257,2.232760682417694,2.267649719627482,0.8615937012044222,0.8494184504204102,0.11137117928103153,-0.19566067459519737,-0.03977661136474896,-0.38486942331317353,-0.2459360135974271,0.20972473795142021,-0.12151234925486994,0.2741007885816542,0.2731530791169461,0.010810122987811633,-0.007119691299147611,-0.10360093705391007,-0.10360093705391007,-0.024874186344034467,0.16840865191876647,-0.1974216081547538,-0.30223891192634056
0.6712356000458436,0.3914073613515482,1.1245010200915535,1.1613005373501373,2.3716885834277632,0.7759790586123044,1.2403482689541194,1.2263353842073819,0.7260493913533939,2.5532222130389695,0.5943480090795537,0.5943480090795537,2.231026425172997,2.2793913669971797,0.8478292367324312,0.8283460014410547,0.11621434170064117,-0.14647934856553316,-0.027108816398197722,0.2176563716275458,0.30938538540742644,0.15821978466439077,-0.0914716980925571,-0.4808444262538947,-0.4870624449696453,0.010738319452860103,-0.007014324637512266,-0.15773877066263406,-0.15773877066263406,-0.02247875555171768,0.1255948391282671,0.2154470766833299,0.14319643366991763
0.661720975556972,0.38964649737384405,1.138638976492417,1.1813967884143581,2.3819658126244665,0.7700374779920115,1.209114827529263,1.1946980488976569,0.726746903174931,2.552766594785458,0.5841020243391194,0.5841020243391194,2.229566308643628,2.2875494298486885,0.8618236874993248,0.8376473828839502,0.10909090909090914,0.007017600429263013,0.006936284655068638,-2.7755575615628914e-17,-3.469446951953614e-18,-0.007368339919192604,0.007479728351566259,0.0,2.7755575615628914e-17,0.01068914033458443,-0.006942203135644358,1.5612511283791264e-17,1.5612511283791264e-17,-0.01033840084465487,-0.007473809870990516,-1.3877787807814457e-17,3.469446951953614e-17
0.6783042103702136,0.4060375755388013,1.138638976492417,1.1813967884143581,2.364553748159493,0.7877127635605731,1.209114827529263,1.1946980488976569,0.7520063242415592,2.536361530706923,0.5841020243391194,0.5841020243391194,2.205135717228732,2.2698881301937046,0.8618236874993248,0.8376473828839504,0.10909090909090909,0.007167845644668344,0.007136543034082102,1.3877787807814457e-17,1.5612511283791264e-17,-0.007543932964807559,0.007657045585032297,1.3877787807814457e-17,-2.42861286636753e-17,0.010901066734766226,-0.007158419975732616,4.163336342344337e-17,4.163336342344337e-17,-0.010524979414627005,-0.007635168643381726,4.163336342344337e-17,-1.734723475976807e-18
0.6948703332216192,0.42253135267878283,1.138638976492417,1.1813967884143581,2.3471184228925868,0.8054095115276293,1.209114827529263,1.1946980488976569,0.7772005624676341,2.51981719219593,0.5841020243391195,0.5841020243391195,2.1808106814181576,2.25224194359766,0.8618236874993249,0.8376473828839504,0.11646794628132336,-0.2009178798661667,-0.04015125801283823,-0.39273017868126237,-0.24640097358136678,0.22064592254755103,-0.12685108980641474,0.2744962968300978,0.27481057121416497,0.05528372269820055,-0.015760340107906286,-0.05368551557991993,-0.09952934622013064,-0.07501176537958495,0.18276268792715922,-0.15150272158272893,-0.3062541414808876
0.6802955167088602,0.4196187337586381,1.1101498728988732,1.1635225754229324,2.3631243345494344,0.7962075860464152,1.2290271079216073,1.214633127119072,0.7812109079630437,2.5186739188077953,0.5802076146455104,0.5768820498910538,2.1753692407786596,2.2654997613871535,0.8508335039988683,0.8154313515315905,0.11545979684590991,0.05155947650491046,0.016479597341302405,-0.06391354267956545,-0.08950975293847534,-0.02561696637827383,-0.21785386023714096,-0.09595257087901002,-0.30294393950516596,0.010947732039835331,-0.006932605083736144,-0.046641346939346094,-0.05174780388572831,-0.03689024216647192,0.20830686797957473,0.34501363034525295,0.23223842775705408
0.685081021412012,0.42114829138662024,1.1042177226944578,1.1552147070599896,2.360746689906901,0.7759874297640813,1.2201212479255836,1.1865153155048436,0.7822270242372361,2.5180304674680567,0.5758785872722725,0.5720790655386169,2.1719452644438486,2.284833811381244,0.8828560236711042,0.83698661476585,0.10812310771894147,-0.1916256764030897,-0.03461225003043611,0.28533995406861046,0.40095473628868106,0.18213590477099825,0.12678361691461668,-0.3862882440524952,-0.1908778064898379,0.09068062122550169,-0.021209006052711525,-0.021676966866105464,-0.09931733389398903,-0.08119084959341029,-0.07096236083146909,-0.04959551411912336,-0.08740860715199814
0.6711844496086592,0.41863823309562287,1.124910394128211,1.1842916887428068,2.3739550695255835,0.7851816967799307,1.1921078709031083,1.172672978750489,0.7888031250379559,2.5164924038795986,0.5743065874641671,0.5648766358450503,2.166057355827799,2.27968766624485,0.8792593886271092,0.8306477983383286,0.10658221514437301,0.007072158898352072,0.006822175457915902,-0.0005426160165974553,-0.0007505542384807929,-0.007550513442974374,0.007491169610696679,-0.000493685623619386,-0.0005062083762443804,0.07359496546996844,-0.018564827795190513,0.06519322991707321,0.0043667851107883175,-0.0731166109253461,0.00425148272657788,0.06577677113052324,0.0030119411427008223
0.6738533616866005,0.421212805689249,1.1247056201035892,1.1840084423818267,2.371105634605886,0.7880087363500616,1.1919215623737722,1.1724819443480199,0.8165766090675977,2.509486354688731,0.5989093998764028,0.5665245860242626,2.1384643946399136,2.28129210327196,0.9040824195348479,0.8317844535251451,0.09700676587994121,0.008443109106696028,0.007220354094731116,-0.0025976297223020695,-0.0035953473038322827,-0.009149943296733574,0.00851140719638533,-0.0023498398845119978,-0.0024083906589181005,0.11731748404308404,-0.0282661557110822,0.10251275726068274,0.014313076667095175,-0.11661064985304646,0.01253439441996582,0.10487089951042669,0.007725784508302684
0.6756775162496095,0.4227727810137416,1.124144395790239,1.1832316587222758,2.369128766771409,0.7898476468839313,1.1914138736665076,1.1719616056014213,0.841923341075147,2.503379381976724,0.621057534119439,0.5696169615678016,2.1132703759038325,2.2840001901256053,0.9267400362316502,0.8334536283380665,0.09356944125258877,-0.16384331277025793,-0.028732009646055916,-0.4233764228889026,-0.2893174959549935,0.1867288860052056,-0.10844357143247915,0.2339403197065653,0.23987879461738015,-0.0766484378698515,0.011264589400599951,0.12462026903925881,0.19964078011496758,0.05376286463490374,0.12591099167793507,-0.301826468698057,-0.3550902782720063
0.6668076160621494,0.4212173311547473,1.1012242866368422,1.167569027955007,2.3792376113313587,0.7839768936727426,1.204078579052008,1.1849477991138038,0.8377738644688992,2.503989207192942,0.6278040367933846,0.5804248106220345,2.1161809081375904,2.29081656797957,0.9104002137145162,0.8142302906713866,0.09093344056635001,0.2981501919021214,0.06614402693587249,0.22863808188605947,0.022607804361835605,-0.30077600358592216,-0.03862531687976657,0.2311694698231504,0.03261352961963808,0.012770351017971481,-0.0074373360001982304,-0.01151594031085585,-0.018134251853182185,-0.01014453933417072,-0.020081374055907684,-0.01557662011961645,-0.01576385154001819
0.69180026717725,0.4267619010844516,1.1203900358713086,1.169464143176262,2.354024849691128,0.7807390991141426,1.2234565236741246,1.1876816513451758,0.838844348192466,2.503365767232388,0.6268387049362579,0.578904694109922,2.1153305349391536,2.28913323256902,0.9090944924948906,0.8129088746452676,0.0884520884520885,0.006715883465696449,0.0069881667644009745,1.3877787807814457e-17,1.9081958235744878e-17,-0.00724351219950998,0.0075593482849580776,8.326672684688674e-17,2.7755575615628914e-17,0.005652401029698287,-0.006089391488853624,4.2500725161431774e-17,3.469446951953614e-18,-0.005124772295884735,-0.008458123560505465,3.642919299551295e-17,2.949029909160572e-17
0.7072334527072863,0.44282079709429323,1.1203900358713086,1.169464143176262,2.337379166627221,0.7981105775151338,1.2234565236741248,1.1876816513451758,0.8518336375729445,2.48937226822477,0.626838704936258,0.578904694109922,2.1035537430925464,2.2696963571658055,0.9090944924948907,0.8129088746452677,0.08845208845208846,0.006849975359119798,0.007137562108010239,-5.551115123125783e-17,2.0816681711721685e-17,-0.007383642639660465,0.007690549325041394,-2.7755575615628914e-17,-6.938893903907228e-17,0.005761462865958079,-0.0062197150559599205,3.382710778154774e-17,1.3877787807814457e-17,-0.005227795585417373,-0.008608396377091689,8.673617379884035e-18,-1.3877787807814457e-17
0.7226762199120932,0.45891190753852346,1.1203900358713084,1.169464143176262,2.3207332856670866,0.8154483570949657,1.2234565236741248,1.1876816513451756,0.8648224331719936,2.475350376662555,0.6268387049362582,0.578904694109922,2.091768061248825,2.2502893587039585,0.9090944924948907,0.8129088746452677,0.1046258346475189,-0.37672091956417947,-0.0773115821925075,-0.17867290200229108,0.0633083020558741,0.4233831817829756,-0.24044729404917004,-0.2263805005310273,-0.23340725190552647,-0.028667618741377958,0.0013803661092052673,-0.292763079086118,-0.29141582461048954,-0.01799464347741817,0.3163785101324723,-0.006286599619013221,-0.16933589589163206
0.7010081672048716,0.45446513712884207,1.1101132138078649,1.173105479652448,2.3450852359353056,0.801618425253661,1.2104356788984532,1.1742566452627217,0.8631735428619005,2.4754297718966827,0.609999698926968,0.5621431788357408,2.0907330539979205,2.268486665720817,0.9087329028808826,0.8031690940096469,0.09549257630742224,0.033341560069192824,0.012612984490987883,-0.03760212149210271,-0.052392482312956734,-0.037373570437700857,0.024985373055506323,-0.03445188887360756,-0.03612699562410769,-0.12280505775698813,0.020688386254872418,0.1869557219661513,0.2998913245629832,0.12683706812549608,-0.0582867438013666,-0.15859503000662098,-0.04365376340073568
0.7045959187948017,0.4558223698158368,1.10606700028672,1.1674677347080422,2.341063615876707,0.8043070010647166,1.2067284492779475,1.170369164121443,0.8499589830061307,2.477655966187681,0.6301172545344021,0.5944132818025556,2.1043814823223586,2.2622146629317683,0.8916671276178043,0.7984716875678848,0.09158076264231134,0.05318530867405726,0.016763007560414902,-0.06568784710074586,-0.09160192655758756,-0.02265230501212563,-0.2175660550568186,-0.09489636077445013,-0.3021761494476018,-0.11150421102779405,0.017906536839278845,-0.1623280455016838,-0.08091142541113265,0.08097120736586241,0.18289651065712478,0.23618849933355013,0.24107276333779337
0.7086350742686632,0.4570954355445887,1.1010783401886997,1.160511031206727,2.3393432877623015,0.7877839584403937,1.1995215501430623,1.1474204123224891,0.8414908015560301,2.479015877187456,0.6177892596445427,0.5882684678493232,2.110530836413003,2.276104728827564,0.9096044507946387,0.816779945917991,0.09001522550928809,-0.19918028957464873,-0.0343401727616227,-0.39491686374411594,-0.24213844678947277,0.222112898779655,-0.12585726690724583,0.26703230338309986,0.28504200749412956,0.047796504775275785,-0.014138380103901428,-0.06732022125200131,-0.10320936592544062,-0.07072911398028196,0.17433581977276993,-0.14503191445614178,-0.3156834196925857
0.6974894356418432,0.4551738440216475,1.0789797647707768,1.146961559864265,2.3517721787406214,0.7807412956422675,1.2144640204123405,1.1633706612942993,0.8441653762892426,2.4782247282452428,0.6140221858042811,0.5824931258314722,2.1065730093282906,2.285860132090845,0.9014888219272641,0.7991150789580819,0.09722240192809974,-0.19545982465716533,-0.032138332133037,0.2909732267621643,0.403832561045226,0.18422610861447794,0.12260757439472733,-0.38723071595914915,-0.19420327259430553,0.047638857873346124,-0.013826062808141571,-0.06787462831924383,-0.10439011886896873,-0.036405141830658794,-0.07664317945354877,-0.08996639727201342,-0.09216948222457086
0.68485293332032,0.4530960967949664,1.097791220587492,1.1730693858796895,2.3636824199028412,0.7886678907939453,1.189429505776069,1.1508153952221554,0.8472452344604403,2.477330871540526,0.6096340825209949,0.5757442914776835,2.104219412316396,2.280905140870565,0.8956724829942844,0.7931563103049981,0.08845208845208846,0.006856815276593927,0.007012724470835011,-2.7755575615628914e-17,4.683753385137379e-17,-0.00741907130457541,0.0075961628843739925,2.7755575615628914e-17,-3.469446951953614e-17,0.005744134014262974,-0.0060852992952133145,-1.214306433183765e-17,-5.204170427930421e-18,-0.005181877986281459,-0.008523588059995682,-1.5612511283791264e-17,1.0408340855860843e-17
0.7004407765192033,0.4690383739365855,1.097791220587492,1.1730693858796895,2.346816379983139,0.8059365193304308,1.189429505776069,1.1508153952221554,0.8603035795836271,2.4634969431924985,0.6096340825209949,0.5757442914776835,2.092439263914028,2.261528163540488,0.8956724829942844,0.7931563103049981,0.08845208845208845,0.006995633065724557,0.007164063331511672,0.0,-6.938893903907228e-17,-0.007564520962076938,0.007729901673923647,2.7755575615628914e-17,6.591949208711867e-17,0.0058558419981770225,-0.006216851965332327,-1.734723475976807e-18,1.9081958235744878e-17,-0.005286954101824656,-0.008677113040102966,1.3877787807814457e-17,-1.9081958235744878e-17
0.7160390563404547,0.48501220553298463,1.097791220587492,1.1730693858796892,2.3299496413232297,0.8231720101241624,1.189429505776069,1.1508153952221556,0.8733604482356053,2.449635124590595,0.6096340825209949,0.5757442914776835,2.080650854100708,2.2421806597522607,0.8956724829942844,0.7931563103049981,0.0983964073945852,-0.15901084340494606,-0.026301937736669216,-0.47451631506927805,-0.338939100253041,0.22131516814234248,-0.36665884003415206,0.17211641576959352,-0.025700215171335687,-0.07464227000477607,0.010468539738944339,-0.23241306429498235,-0.18689433326574034,0.012337945267379639,0.382492238031877,0.08567077202732931,-0.07470312903544735
0.7074713464345725,0.4835950231090384,1.0722236677963388,1.15480690877721,2.3418743888298272,0.8034159575898097,1.1987033608715902,1.1494306343882923,0.8693386261860937,2.4501991830516463,0.597111366015772,0.5656741830738417,2.081315638549504,2.2627898362495085,0.9002885349969385,0.7891312090921994,0.09314417150489566,0.033805232843713895,0.012287791518139173,-0.03886499751694715,-0.0531961492675549,-0.03792728766452705,0.025767042717085416,-0.035464678600288915,-0.03809300712439924,-0.12689816138303736,0.018944964349035004,0.19356021742872623,0.30289028276321484,0.13102021620385043,-0.056999798584259645,-0.1639941194154124,-0.04518218108088428
0.7109446230264497,0.4848575169614881,1.0682305319778977,1.149341336601352,2.3379775968435803,0.8060633603373341,1.1950595865899487,1.1455168157623103,0.8563006324671447,2.452145659844504,0.6169984697497388,0.596794268354489,2.0947771476628225,2.256933462856676,0.8834391632205518,0.7844890221076074,0.08845208845208827,0.007051401791648502,0.0071841492784962815,4.163336342344337e-17,-2.42861286636753e-17,-0.00760612580697262,0.007804241636281868,1.3877787807814457e-17,3.8163916471489756e-17,0.00593009804099048,-0.006250560881401791,-3.122502256758253e-17,-8.673617379884035e-18,-0.0053753740256664,-0.008737830033376382,1.734723475976807e-18,1.214306433183765e-17
0.7265457229731925,0.5007523183411069,1.0682305319778977,1.149341336601352,2.321149179965872,0.8233301049327659,1.1950595865899487,1.1455168157623103,0.8694208679841522,2.438316406042878,0.6169984697497387,0.596794268354489,2.0828842290767806,2.2376011706832517,0.8834391632205518,0.7844890221076074,0.09647893827305097,-0.15774541919572369,-0.02501380145135567,0.23185480143495213,0.3183942371046043,0.1781011452545254,-0.10251085076771146,-0.49658235430203657,-0.5137423589034329,-0.07486825605375604,0.009467637499502156,-0.24473003931808923,-0.19313115347845883,0.05451252999495437,0.11805701471956505,0.14780418533082187,0.1557938936814525
0.7185214655139793,0.49947990622351457,1.0800246153139117,1.165537542773825,2.330208900689235,0.818115541726322,1.1697992355703244,1.119383562723566,0.8656124394087891,2.4387980096369084,0.604549443632187,0.5869699951248295,2.0856571943879945,2.2436065424132576,0.8909577259952478,0.7924140085816815,0.10042949084361859,-0.2040132150232673,-0.03298529630029017,-0.40566509715757315,-0.23975617902924545,0.23046334516283887,-0.13364704386100165,0.269323381579019,0.2882732019598774,0.05009122883714316,-0.014653941073705684,-0.06751635288998888,-0.1022164237385392,-0.07654135897671466,0.18128628123499754,-0.14513479488248307,-0.3200534890030286
0.7060181638212542,0.4974583454583483,1.0551627302865554,1.150843671895138,2.344333244219418,0.8099247521760254,1.1863051834443548,1.1370508830176027,0.8686823667477543,2.437899917588258,0.600411587516936,0.580705485329184,2.0809662252115717,2.2547169847773705,0.8820628898135793,0.7727989785927772,0.08845208845208831,0.00712528509187658,0.00722310555243389,-4.163336342344337e-17,-5.0306980803327406e-17,-0.007720424475702827,0.007846485857875266,1.3877787807814457e-17,-3.122502256758253e-17,0.005955416716833525,-0.0062602999811841205,-2.2551405187698492e-17,-8.673617379884035e-18,-0.005360277333007299,-0.008809291429125031,-5.551115123125783e-17,-8.673617379884035e-18
0.7216746386382661,0.5133297623524219,1.0551627302865554,1.150843671895138,2.327369062460811,0.8271659301291605,1.1863051834443548,1.1370508830176027,0.8817682756832744,2.42414408498107,0.600411587516936,0.580705485329184,2.069188023217646,2.2353602225373503,0.8820628898135792,0.7727989785927772,0.09425244562275023,0.05437736405415963,0.016182807840017986,-0.06817294370010872,-0.09218987526217928,-0.01950095094005691,-0.22577074878796358,-0.09801989448258464,-0.3137399286412392,-0.12355048966499763,0.018451054574265328,-0.1737199597056699,-0.08555305749059693,0.08867407655089489,0.19113688637368023,0.23248997541063024,0.2507701241492518
0.725777054635968,0.5145506492219013,1.050019528152535,1.143888549562893,2.3258978434251256,0.810133005717481,1.1789102243430292,1.1133812601007262,0.8724472003766309,2.4255360962117822,0.5873055542581916,0.5742510674329402,2.0758779015622735,2.249780248848838,0.8996027358693743,0.7917179421532569,0.08879099866862007,0.034990888931019676,0.01228828052392155,-0.04063868841422126,-0.05507253396773848,-0.03909301107858164,0.0269737242829303,-0.03580054962946497,-0.03917674902827201,-0.13263787164650723,0.01777997305259567,0.20127652053779643,0.30604847702268184,0.1367399937940692,-0.05704197785944756,-0.1721132884279859,-0.04728188487511334
0.7291115861655209,0.5157216871721456,1.0461467775029578,1.1386402947589118,2.3221723914000663,0.8127035244107389,1.1754985344671272,1.1096478280888191,0.8598071909761845,2.4272304767362485,0.6064866303724651,0.603416611018175,2.0889088314582263,2.2443443116808695,0.883200832275283,0.7872121139016921,0.0897214145523434,-0.20119317784662957,-0.03042634889678656,0.3040053839080803,0.4122520236071531,0.18945203525579754,0.1261522914281063,-0.3948327590089177,-0.20094178345588604,0.052609305552438,-0.014321149298432381,-0.0747895643482296,-0.10991613702731166,-0.04086816296160589,-0.0814047932328874,-0.09140639994042667,-0.09481127957122344
0.7174414110332661,0.5139568121199146,1.0637805566863658,1.1625529013672202,2.3331615236075343,0.8200209660360385,1.1525963292586687,1.0979922350442806,0.8628587845538319,2.4263997809731186,0.602148474758291,0.5970409446924139,2.0865382808053656,2.239622440870931,0.8778988200155687,0.7817126021938309,0.10029959337403686,-0.200976013877225,-0.030371096176403455,-0.406689358298245,-0.23600184818053913,0.22713639695733015,-0.13298594997936103,0.2703886669050094,0.29312281775232163,0.049873275519263106,-0.014044337576390023,-0.0709806018350231,-0.10442184399873194,-0.07603365859936814,0.17740138373215444,-0.14319257379148745,-0.3180878202470066
0.7051122056700064,0.5120936470852308,1.0388315265967627,1.148074978374359,2.347095580859105,0.811862723387613,1.1691837684154947,1.115974338216719,0.8659183429765155,2.425538207898652,0.5977940525566129,0.5906350142819464,2.0818738704943707,2.250505421628507,0.8691144351792396,0.7621989797285512,0.08888254938970767,0.31489409257804785,0.060300334572063075,0.24185050784201362,0.017897325456152358,-0.3176461838328439,-0.03154891803396971,0.24435160221902602,0.03529466240975664,0.013953572239226594,-0.007593526727154424,-0.01301371216879898,-0.019200622195279727,-0.011201480984430603,-0.021157889810938982,-0.015763159990118243,-0.01674002957417875
0.7296091298936244,0.5167846614976542,1.0576460858523666,1.1494672859337525,2.3223845599835835,0.8094084015294672,1.1881928982294987,1.118720057145491,0.8670038495320518,2.4249474757978935,0.5967816616341378,0.5891413178359024,2.0810024605907382,2.2488594611749884,0.8678881532485712,0.7608967030404672,0.0884520884520885,0.007184527381498986,0.007300352953370799,0.0,1.734723475976807e-18,-0.007758218338731967,0.008013395553120674,5.551115123125783e-17,3.469446951953614e-17,0.00605007941612688,-0.0063592670016071,-3.469446951953614e-18,5.204170427930421e-18,-0.005476388458893825,-0.00895448150488436,-2.6020852139652106e-17,-1.3877787807814457e-17
0.7451777774434416,0.5326042994620075,1.0576460858523666,1.1494672859337525,2.305572741959021,0.8267731806470295,1.188192898229499,1.118720057145491,0.8801141835980946,2.4111671418432685,0.5967816616341378,0.5891413178359024,2.0691352969994408,2.2294553780476978,0.867888153248571,0.7608967030404672,0.09467670201019154,0.05629384930003975,0.01645623027492338,-0.06805451971345047,-0.09294750643884639,-0.025067406590749162,-0.22495962867209265,-0.09366743253697737,-0.3140658928869075,-0.1226211846947513,0.016760973983748866,-0.17538190253787053,-0.08303457154352686,0.09139474198546069,0.19174242441342043,0.23467150666563255,0.25120787289398067
